Vendor;Model;Optics;D (mm);D (inch);FL (mm);f/Ratio;Mag;"DL ("")";Min;Max;FF (°)
10 Micron;RC-360 F/8;Ritchey-Chretien;360;14,2;2880;8;15,5;0,3;48x;571x;
Altair;150EDF Refractor 150/1200;Refractor;150;5,9;1200;8;13,6;0,8;20x;238x;
Altair;60 EDF Doublet Refractor V3;Refractor;60;2,4;360;6;11,6;1,9;8x;95x;
Altair;70 EDQ-R F5 Quad APO Astrograph;Refractor;70;2,8;350;5;11,9;1,7;9x;111x;
Altair;70ED Triplet APO;Refractor;70;2,8;420;6;11,9;1,7;9x;111x;
Altair;72 EDF Refractor;Refractor;72;2,8;432;6;12,0;1,6;10x;114x;
Altair;Planet Killer 102ED F11;Refractor;102;4;1122;11;12,7;1,1;14x;162x;
Altair;PLANETA 101mm APO;Refractor;101;4;1111;11;12,7;1,1;13x;160x;
Altair;Starwave 115 F7 ED Triplet;Refractor;115;4,5;115;1;13,0;1,0;15x;183x;
Altair;Starwave 130 F7 ED Triplet;Refractor;130;5,1;910;7;13,3;0,9;17x;206x;
Altair;Starwave ASCENT 70ED;Refractor;70;2,8;70;1;11,9;1,7;9x;111x;
Altair;Wave Series 102mm F7 Super ED Triplet APO;Refractor;102;4;102;1;12,7;1,1;14x;162x;
Altair;Wave Series 115mm F7 ED Triplet APO;Refractor;115;4,5;115;1;13,0;1,0;15x;183x;
Altair;Wave Series 125 EDF APO;Refractor;125;4,9;125;1;13,2;0,9;17x;198x;
Altair;Wave Series 80mm F6 Super ED Triplet APO;Refractor;80;3,1;80;1;12,2;1,4;11x;127x;
Antares;10 inch Dobsonian;Newtonian;250;9,8;1200;4,8;14,7;0,5;33x;397x;
Antares;1149 EQ3;Newtonian;114;4,5;900;7,9;13,0;1,0;15x;181x;
Antares;12 inch Dobsonian;Newtonian;300;11,8;1500;5;15,1;0,4;40x;476x;
Antares;12012 EQ5;Refractor;127;5;1220;9,6;13,2;0,9;17x;202x;
Antares;1208 EQ5;Refractor;127;5;820;6,5;13,2;0,9;17x;202x;
Antares;1529 EQ5;Refractor;152;6;990;6,5;13,6;0,8;20x;241x;
Antares;515 EQ3;Newtonian;152;6;750;4,9;13,6;0,8;20x;241x;
Antares;520 EQ5;Newtonian;200;7,9;1000;5;14,2;0,6;27x;317x;
Antares;8 inch Dobsonian;Newtonian;200;7,9;1200;6;14,2;0,6;27x;317x;
Antares;905 AZ1;Refractor;90;3,5;500;5,6;12,5;1,3;12x;143x;
Antares;Model 1056;Refractor;105;4,1;660;6,3;12,8;1,1;14x;167x;
Antares;Sentinel;Refractor;80;3,1;480;6;12,2;1,4;11x;127x;
Antares;Vixen Spec 100;Refractor;100;3,9;1300;13;12,7;1,2;13x;159x;
Antares;Vixen Spec 90;Refractor;90;3,5;1000;11,1;12,5;1,3;12x;143x;
APM;140mm f/7;Refractor;140;5,5;980;7;13,4;0,8;19x;222x;
APM;152mm f/7.9;Refractor;152;6;1200.8;7,9;13,6;0,8;20x;241x;
APM;LZOS 100/800mm;Refractor;100;3,9;800;8;12,7;1,2;13x;159x;
APM;LZOS 105/650mm;Refractor;105;4,1;650;6,2;12,8;1,1;14x;167x;
APM;LZOS 115/805mm;Refractor;115;4,5;805;7;13,0;1,0;15x;183x;
APM;LZOS 123/738mm;Refractor;123;4,8;738;6;13,1;0,9;16x;195x;
APM;LZOS 130/1200mm;Refractor;130;5,1;1200;9,2;13,3;0,9;17x;206x;
APM;LZOS 130/780mm;Refractor;130;5,1;780;6;13,3;0,9;17x;206x;
APM;LZOS 152/1200mm;Refractor;152;6;1200;7,9;13,6;0,8;20x;241x;
APM;LZOS 175/1400mm;Refractor;175;6,9;1400;8;13,9;0,7;23x;278x;
APM;LZOS 203/1420mm;Refractor;203;8;1420;7;14,2;0,6;27x;322x;
APM;LZOS 203/1800mm;Refractor;203;8;1800;8,9;14,2;0,6;27x;322x;
APM;LZOS 254/2250mm;Refractor;254;10;2250;8,9;14,7;0,5;34x;403x;
Apogee;Astele 102 Lomo Mak-Newt;Mak-Newtonian;102;4;561;5,5;12,7;1,1;14x;162x;
Apogee;Astele 133.5 Mak-Cass;Mak-Cassegrain;133,5;5,3;1352;10,1;13,3;0,9;18x;212x;
Apogee;Astele 150 Mak-Cass;Mak-Cassegrain;150;5,9;2134;14,2;13,6;0,8;20x;238x;
Apogee;Astele 180 Mak-Cass;Mak-Cassegrain;180;7,1;1800;10;14,0;0,6;24x;286x;
Apogee;Astele 203 Mak-Cass;Mak-Cassegrain;203;8;2030;10;14,2;0,6;27x;322x;
Apogee;Astele 70;Refractor;70;2,8;890;12,7;11,9;1,7;9x;111x;
Apogee;Astele 95;Refractor;95;3,7;1200;12,6;12,6;1,2;13x;151x;
Apogee;Series 115 100mm F4;Refractor;100;3,9;400;4;12,7;1,2;13x;159x;
Apogee;Series 115 125mm F2.8;Refractor;125;4,9;350;2,8;13,2;0,9;17x;198x;
Apogee;Series 115 125mm F4;Refractor;135;5,3;540;4;13,4;0,9;18x;214x;
Apogee;Series 140 150mm F4.2;Refractor;150;5,9;630;4,2;13,6;0,8;20x;238x;
Apogee;Series 140 150mm F6.7;Refractor;150;5,9;1005;6,7;13,6;0,8;20x;238x;
Apogee;Widestar 127;Refractor;127;5;826;6,5;13,2;0,9;17x;202x;
Askar;103 APO Triplet;Refractor;103;4,1;700.4;6,8;12,8;1,1;14x;163x;
Askar;107 PHQ Flatfield Quadruplet Astrograph;Refractor;107;4,2;749;7;12,8;1,1;14x;170x;
Askar;120 APO Triplet;Refractor;120;4,7;840;7;13,1;1,0;16x;190x;
Askar;130 PHQ Flatfield Quadruplet Astrograph;Refractor;130;5,1;1001;7,7;13,3;0,9;17x;206x;
Askar;140 APO Triplet;Refractor;140;5,5;980;7;13,4;0,8;19x;222x;
Askar;151 PHQ Flatfield Quadruplet Astrograph;Refractor;151;5,9;1057;7;13,6;0,8;20x;240x;
Askar;185 APO Triplet;Refractor;185;7,3;1295;7;14,0;0,6;25x;294x;
Askar;203 APO Triplet;Refractor;203;8;1421;7;14,2;0,6;27x;322x;
Askar;65 PHQ Quintuplet Flatfield Astrograph;Refractor;65;2,6;416;6,4;11,8;1,8;9x;103x;
Askar;71F Quadruplet Flat Field Astrograph;Refractor;71;2,8;489.9;6,9;12,0;1,6;9x;113x;
Askar;80 PHQ F7.5 Quadruplet Astrograph;Refractor;80;3,1;600;7,5;12,2;1,4;11x;127x;
Askar;FRA300 60mm f/5 Petzval Astrograph;Refractor;60;2,4;300;5;11,6;1,9;8x;95x;
Askar;FRA400 72mm f/5.6 Quintuplet APO Astrograph;Refractor;72;2,8;403.2;5,6;12,0;1,6;10x;114x;
Askar;FRA500 90mm f/5.6 Quintuplet APO;Refractor;90;3,5;504;5,6;12,5;1,3;12x;143x;
Askar;FRA600 108mm f/5.6 Quintuplet APO Astrograph;Refractor;108;4,3;604.8;5,6;12,9;1,1;14x;171x;
Askar;SQA85 85mm f/4.8 Quintuplet Petzval Astrograph;Refractor;85;3,3;408;4,8;12,3;1,4;11x;135x;
Astro-Physics;"10"" f/14.6 Mak-Cass";Mak-Cassegrain;254;10;3708;14,6;14,7;0,5;34x;403x;
Astro-Physics;105mm f/6 Traveler;Refractor;105;4,1;610;5,8;12,8;1,1;14x;167x;
Astro-Physics;130mm f/6 StarFire;Refractor;130;5,1;780;6;13,3;0,9;17x;206x;
Astro-Physics;130mm f/8.35 StarFire;Refractor;130;5,1;1085;8,3;13,3;0,9;17x;206x;
Astro-Physics;"130mm f6.3 Starfire EDF ""Gran Turismo""";Refractor;130;5,1;819;6,3;13,3;0,9;17x;206x;
Astro-Physics;155mm f/7 StarFire;Refractor;155;6,1;1085;7;13,7;0,7;21x;246x;
Astro-Physics;92mm f/7 Stowaway;Refractor;92;3,6;604;6,6;12,5;1,3;12x;146x;
Astro-Tech;"10"" f/4 Imaging Newtonian";Newtonian;250;9,8;1000;4;14,7;0,5;33x;397x;
Astro-Tech;"10"" f/8 RC";Ritchey-Chretien;250;9,8;2000;8;14,7;0,5;33x;397x;
Astro-Tech;"12"" f/4 Imaging Newtonian";Newtonian;300;11,8;1200;4;15,1;0,4;40x;476x;
Astro-Tech;"12"" f/8 RC";Ritchey-Chretien;304;12;2432;8;15,1;0,4;41x;483x;
Astro-Tech;"14"" f/8 RC";Ritchey-Chretien;356;14;2850;8;15,5;0,3;47x;565x;
Astro-Tech;"16"" f/8 RC";Ritchey-Chretien;406;16;3250;8;15,7;0,3;54x;644x;
Astro-Tech;"6"" f/4 Imaging Newtonian";Newtonian;150;5,9;600;4;13,6;0,8;20x;238x;
Astro-Tech;"6"" f/9 RC";Ritchey-Chretien;152;6;1370;9;13,6;0,8;20x;241x;
Astro-Tech;"8"" f/4 Imaging Newtonian";Newtonian;200;7,9;800;4;14,2;0,6;27x;317x;
Astro-Tech;"8"" f/8 RC";Ritchey-Chretien;203;8;1625;8;14,2;0,6;27x;322x;
Astro-Tech;AT102ED;Refractor;102;4;714;7;12,7;1,1;14x;162x;
Astro-Tech;AT102EDL;Refractor;102;4;711;7;12,7;1,1;14x;162x;
Astro-Tech;AT106;Refractor;106;4,2;690;6,5;12,8;1,1;14x;168x;
Astro-Tech;"AT10D 10"" Dob";Newtonian;254;10;1249.9;4,9;14,7;0,5;34x;403x;
Astro-Tech;AT111EDT;Refractor;111;4,4;777;7;12,9;1,0;15x;176x;
Astro-Tech;AT115EDT;Refractor;115;4,5;805;7;13,0;1,0;15x;183x;
Astro-Tech;AT125EDL;Refractor;125;4,9;975;7,8;13,2;0,9;17x;198x;
Astro-Tech;AT12RC;Ritchey-Chretien;300;11,8;2400;8;15,1;0,4;40x;476x;
Astro-Tech;AT130;Refractor;130;5,1;780;6;13,3;0,9;17x;206x;
Astro-Tech;AT130EDT;Refractor;130;5,1;910;7;13,3;0,9;17x;206x;
Astro-Tech;AT152EDT;Refractor;152;6;1216;8;13,6;0,8;20x;241x;
Astro-Tech;AT60ED;Refractor;60;2,4;360;6;11,6;1,9;8x;95x;
Astro-Tech;AT65EDQ;Refractor;65;2,6;420;6,5;11,8;1,8;9x;103x;
Astro-Tech;AT70ED;Refractor;70;2,8;420;6;11,9;1,7;9x;111x;
Astro-Tech;AT72ED;Refractor;72;2,8;430;6;12,0;1,6;10x;114x;
Astro-Tech;AT72EDII;Refractor;72;2,8;430;6;12,0;1,6;10x;114x;
Astro-Tech;AT80ED;Refractor;80;3,1;560;7;12,2;1,4;11x;127x;
Astro-Tech;AT80EDT;Refractor;80;3,1;480;6;12,2;1,4;11x;127x;
Astro-Tech;"AT8D 8"" Dob";Newtonian;203;8;1199.9;5,9;14,2;0,6;27x;322x;
Astro-Tech;AT90EDT;Refractor;90;3,5;600;6,7;12,5;1,3;12x;143x;
Astro-Tech;AT92;Refractor;92;3,6;506;5,5;12,5;1,3;12x;146x;
Astrosib;RC-250;Ritchey-Chretien;250;9,8;2000;8;14,7;0,5;33x;397x;
Astrosib;RC-360;Ritchey-Chretien;360;14,2;2880;8;15,5;0,3;48x;571x;
Borg;101ED;Refractor;101;4;414;4,1;12,7;1,1;13x;160x;
Borg;125SD;Refractor;125;4,9;488;3,9;13,2;0,9;17x;198x;
Borg;77EDII;Refractor;77;3;330;4,3;12,1;1,5;10x;122x;
Borg;Mini Borg 60;Refractor;60;2,4;324;5,4;11,6;1,9;8x;95x;
Borg;Series 80 100mm;Refractor;100;3,9;640;6,4;12,7;1,2;13x;159x;
Borg;Series 80 50mm;Refractor;50;2;500;10;11,2;2,3;7x;79x;
Borg;Series 80 76mm F10;Refractor;76;3;760;10;12,1;1,5;10x;121x;
Borg;Series 80 76mm F6.6;Refractor;76;3;500;6,6;12,1;1,5;10x;121x;
Bresser;Messier AR-102/600 Nano AZ;Refractor;102;4;102;1;12,7;1,1;14x;162x;
Bresser;Messier AR-90/900 Nano AZ;Refractor;90;3,5;900;10;12,5;1,3;12x;143x;
Celestron;Advanced Series C10-N;Newtonian;254;10;1200;4,7;14,7;0,5;34x;403x;
Celestron;Advanced Series C10-NGT;Newtonian;254;10;1200;4,7;14,7;0,5;34x;403x;
Celestron;Advanced Series C4-R;Refractor;102;4;1000;9,8;12,7;1,1;14x;162x;
Celestron;Advanced Series C5-S;Schmidt-Cassegrain;127;5;1250;9,8;13,2;0,9;17x;202x;
Celestron;Advanced Series C5-SGT;Schmidt-Cassegrain;127;5;1250;9,8;13,2;0,9;17x;202x;
Celestron;Advanced Series C6-N;Newtonian;150;5,9;750;5;13,6;0,8;20x;238x;
Celestron;Advanced Series C6-R;Refractor;150;5,9;1200;8;13,6;0,8;20x;238x;
Celestron;Advanced Series C6-RGT;Refractor;150;5,9;1200;8;13,6;0,8;20x;238x;
Celestron;Advanced Series C8-N;Schmidt-Cassegrain;200;7,9;1000;5;14,2;0,6;27x;317x;
Celestron;Advanced Series C8-NGT;Schmidt-Cassegrain;200;7,9;1000;5;14,2;0,6;27x;317x;
Celestron;Advanced Series C8-S;Schmidt-Cassegrain;203;8;2032;10;14,2;0,6;27x;322x;
Celestron;Advanced Series C8-SGT;Schmidt-Cassegrain;203;8;2032;10;14,2;0,6;27x;322x;
Celestron;Advanced Series C9 1/4-S;Schmidt-Cassegrain;235;9,3;2350;10;14,6;0,5;31x;373x;
Celestron;Advanced Series C9 1/4-SGT;Schmidt-Cassegrain;235;9,3;2350;10;14,6;0,5;31x;373x;
Celestron;"Advanced VX 11"" Schmidt-Cassegrain";Schmidt-Cassegrain;280;11;2800;10;14,9;0,4;37x;444x;
Celestron;"Advanced VX 6"" Newtonian";Newtonian;150;5,9;750;5;13,6;0,8;20x;238x;
Celestron;"Advanced VX 6"" Refractor";Refractor;150;5,9;1200;8;13,6;0,8;20x;238x;
Celestron;"Advanced VX 6"" Schmidt-Cassegrain";Schmidt-Cassegrain;150;5,9;1500;10;13,6;0,8;20x;238x;
Celestron;"Advanced VX 8"" EdgeHD";Schmidt-Cassegrain;203;8;2030;10;14,2;0,6;27x;322x;
Celestron;"Advanced VX 8"" Newtonian";Newtonian;200;7,9;1000;5;14,2;0,6;27x;317x;
Celestron;"Advanced VX 8"" Schmidt-Cassegrain";Schmidt-Cassegrain;203;8;2032;10;14,2;0,6;27x;322x;
Celestron;"Advanced VX 9.25"" Schmidt-Cassegrain";Schmidt-Cassegrain;235;9,3;2350;10;14,6;0,5;31x;373x;
Celestron;AstroMaster 114EQ;Newtonian;114;4,5;1000;8,8;13,0;1,0;15x;181x;
Celestron;AstroMaster 130EQ;Newtonian;130;5,1;650;5;13,3;0,9;17x;206x;
Celestron;AstroMaster 130EQ-MD;Newtonian;130;5,1;650;5;13,3;0,9;17x;206x;
Celestron;AstroMaster 70AZ;Refractor;70;2,8;900;12,9;11,9;1,7;9x;111x;
Celestron;AstroMaster 70EQ;Refractor;70;2,8;900;12,9;11,9;1,7;9x;111x;
Celestron;AstroMaster 76EQ;Newtonian;76;3;700;9,2;12,1;1,5;10x;121x;
Celestron;AstroMaster 90AZ;Refractor;90;3,5;1000;11,1;12,5;1,3;12x;143x;
Celestron;AstroMaster 90EQ;Refractor;90;3,5;1000;11,1;12,5;1,3;12x;143x;
Celestron;AstroMaster LT 60AZ;Refractor;60;2,4;700;11,7;11,6;1,9;8x;95x;
Celestron;AstroMaster LT 70AZ;Refractor;70;2,8;700;10;11,9;1,7;9x;111x;
Celestron;AstroMaster LT 76AZ;Newtonian;76;3;700;9,2;12,1;1,5;10x;121x;
Celestron;C150-HD;Newtonian;150;5,9;1000;6,7;13,6;0,8;20x;238x;
Celestron;C6 R-GT 150mm Refractor;Refractor;150;5,9;1200;8;13,6;0,8;20x;238x;
Celestron;CGE 1100;Schmidt-Cassegrain;279;11;2800;10;14,9;0,4;37x;443x;
Celestron;CGE 1400;Schmidt-Cassegrain;356;14;3910;11;15,5;0,3;47x;565x;
Celestron;CGE 800;Schmidt-Cassegrain;203;8;2032;10;14,2;0,6;27x;322x;
Celestron;CGE 925;Schmidt-Cassegrain;235;9,3;2350;10;14,6;0,5;31x;373x;
Celestron;CGE PRO 1100;Schmidt-Cassegrain;279,4;11;2799.9;10;14,9;0,4;37x;443x;
Celestron;CGE PRO 1100 HD;Schmidt-Cassegrain;279,4;11;2799.9;10;14,9;0,4;37x;443x;
Celestron;CGE PRO 1400;Schmidt-Cassegrain;355,5;14;3910.1;11;15,5;0,3;47x;564x;
Celestron;CGE PRO 1400 FASTAR;Schmidt-Cassegrain;355,5;14;3910.1;11;15,5;0,3;47x;564x;
Celestron;CGE PRO 1400 HD;Schmidt-Cassegrain;356;14;3909.9;11;15,5;0,3;47x;565x;
Celestron;CGE PRO 925 HD;Schmidt-Cassegrain;235;9,3;2350;10;14,6;0,5;31x;373x;
Celestron;CGEM 1100HD;Schmidt-Cassegrain;280;11;2800;10;14,9;0,4;37x;444x;
Celestron;CGEM 800HD;Schmidt-Cassegrain;203,2;8;2032;10;14,2;0,6;27x;323x;
Celestron;CGEM 925HD;Schmidt-Cassegrain;235;9,3;2350;10;14,6;0,5;31x;373x;
Celestron;CGEM DX 1400;Schmidt-Cassegrain;356;14;3909.9;11;15,5;0,3;47x;565x;
Celestron;CGEM DX 1400 HD;Schmidt-Cassegrain;356;14;3909.9;11;15,5;0,3;47x;565x;
Celestron;CM1100;Schmidt-Cassegrain;279;11;2800;10;14,9;0,4;37x;443x;
Celestron;CM1100 GT;Schmidt-Cassegrain;356;14;3910;11;15,5;0,3;47x;565x;
Celestron;CM1400;Schmidt-Cassegrain;356;14;3910;11;15,5;0,3;47x;565x;
Celestron;CPC 11;Schmidt-Cassegrain;280;11;2800;10;14,9;0,4;37x;444x;
Celestron;CPC 8;Schmidt-Cassegrain;203;8;2032;10;14,2;0,6;27x;322x;
Celestron;CPC 9.25;Schmidt-Cassegrain;235;9,3;2350;10;14,6;0,5;31x;373x;
Celestron;EdgeHD 1400;Schmidt-Cassegrain;355,6;14;3910;11;15,5;0,3;47x;564x;
Celestron;FirstScope 102AZ;Refractor;102;4;500;4,9;12,7;1,1;14x;162x;
Celestron;FirstScope 114EQ;Newtonian;114;4,5;900;7,9;13,0;1,0;15x;181x;
Celestron;FirstScope 114EQ Short;Newtonian;114;4,5;1000;8,8;13,0;1,0;15x;181x;
Celestron;FirstScope 60AZ;Refractor;60;2,4;700;11,7;11,6;1,9;8x;95x;
Celestron;FirstScope 60EQ;Refractor;60;2,4;900;15;11,6;1,9;8x;95x;
Celestron;FirstScope 70EQ;Refractor;70;2,8;900;12,9;11,9;1,7;9x;111x;
Celestron;FirstScope 76EQ;Refractor;76;3;700;9,2;12,1;1,5;10x;121x;
Celestron;FirstScope 76TT;Refractor;76;3;600;7,9;12,1;1,5;10x;121x;
Celestron;FirstScope 80AZ;Refractor;80;3,1;900;11,3;12,2;1,4;11x;127x;
Celestron;FirstScope 80EQ;Refractor;80;3,1;900;11,3;12,2;1,4;11x;127x;
Celestron;G8;Schmidt-Cassegrain;203;8;2032;10;14,2;0,6;27x;322x;
Celestron;G9.25;Schmidt-Cassegrain;235;9,3;2350;10;14,6;0,5;31x;373x;
Celestron;NexStar 11 GPS;Schmidt-Cassegrain;279;11;2800;10;14,9;0,4;37x;443x;
Celestron;NexStar 114;Newtonian;114;4,5;1000;8,8;13,0;1,0;15x;181x;
Celestron;NexStar 114GT;Newtonian;114;4,5;1000;8,8;13,0;1,0;15x;181x;
Celestron;NexStar 127SLT;Mak-Cassegrain;127;5;1500;11,8;13,2;0,9;17x;202x;
Celestron;NexStar 130GT;Newtonian;130;5,1;650;5;13,3;0,9;17x;206x;
Celestron;NexStar 130SLT;Newtonian;130;5,1;650;5;13,3;0,9;17x;206x;
Celestron;NexStar 4;Mak-Cassegrain;102;4;1325;13;12,7;1,1;14x;162x;
Celestron;NexStar 4GT;Mak-Cassegrain;102;4;1325;13;12,7;1,1;14x;162x;
Celestron;NexStar 5;Schmidt-Cassegrain;127;5;1250;9,8;13,2;0,9;17x;202x;
Celestron;NexStar 5 SE;Schmidt-Cassegrain;125;4,9;1250;10;13,2;0,9;17x;198x;
Celestron;NexStar 5i;Schmidt-Cassegrain;127;5;1250;9,8;13,2;0,9;17x;202x;
Celestron;NexStar 60GT;Refractor;60;2,4;700;11,7;11,6;1,9;8x;95x;
Celestron;NexStar 6se;Schmidt-Cassegrain;150;5,9;1500;10;13,6;0,8;20x;238x;
Celestron;NexStar 8;Schmidt-Cassegrain;203;8;2032;10;14,2;0,6;27x;322x;
Celestron;NexStar 80GT;Refractor;80;3,1;400;5;12,2;1,4;11x;127x;
Celestron;NexStar 8i;Schmidt-Cassegrain;203;8;2032;10;14,2;0,6;27x;322x;
Celestron;NexStar 8se;Schmidt-Cassegrain;203;8;2032;10;14,2;0,6;27x;322x;
Celestron;NexStar Evolution 6;Schmidt-Cassegrain;150;5,9;1500;10;13,6;0,8;20x;238x;
Celestron;NexStar Evolution 8;Schmidt-Cassegrain;203,2;8;2032;10;14,2;0,6;27x;323x;
Celestron;NexStar Evolution 9.25;Schmidt-Cassegrain;235;9,3;2350;10;14,6;0,5;31x;373x;
Celestron;NextStar 8 GPS;Schmidt-Cassegrain;203;8;2000;9,9;14,2;0,6;27x;322x;
Celestron;NextStar 9 1/4 GPS;Schmidt-Cassegrain;235;9,3;2350;10;14,6;0,5;31x;373x;
Celestron;Origin;Schmidt-Cassegrain;152;6;335;2,2;13,6;0,8;20x;241x;
Celestron;Rowe-Ackermann Schmidt Astrograph;Schmidt Camera;279;11;620;2,2;14,9;0,4;37x;443x;
Celestron;Ultima 2000;Schmidt-Cassegrain;203;8;203;1;14,2;0,6;27x;322x;
Ceravolo;300 Astrograph;Cassegrain;300;11,8;1470;4,9;15,1;0,4;40x;476x;
Ceravolo;300 Astrograph;Cassegrain;300;11,8;2700;9;15,1;0,4;40x;476x;
CFF;250mm f/15;Cassegrain;250;9,8;3750;15;14,7;0,5;33x;397x;
CFF;250mm f/20;Cassegrain;250;9,8;5000;20;14,7;0,5;33x;397x;
CFF;250mm f/7;Ritchey-Chretien;250;9,8;1750;7;14,7;0,5;33x;397x;
CFF;250mm f/8;Ritchey-Chretien;250;9,8;2000;8;14,7;0,5;33x;397x;
CFF;300mm f/15;Cassegrain;300;11,8;4500;15;15,1;0,4;40x;476x;
CFF;300mm f/20;Cassegrain;300;11,8;6000;20;15,1;0,4;40x;476x;
CFF;300mm f/8;Ritchey-Chretien;300;11,8;2400;8;15,1;0,4;40x;476x;
CFF;350mm f/17;Cassegrain;350;13,8;5950;17;15,4;0,3;47x;556x;
CFF;350mm f/20;Cassegrain;350;13,8;7000;20;15,4;0,3;47x;556x;
CFF;400mm f/15;Cassegrain;400;15,7;6000;15;15,7;0,3;53x;635x;
CFF;400mm f/20;Cassegrain;400;15,7;8000;20;15,7;0,3;53x;635x;
CFF;400mm f/8;Ritchey-Chretien;400;15,7;3200;8;15,7;0,3;53x;635x;
Coronado;PST;Refractor;40;1,6;400;10;10,7;2,9;5x;63x;
Coronado;Solarmax 40;Refractor;40;1,6;400;10;10,7;2,9;5x;63x;
Coronado;Solarmax 60;Refractor;60;2,4;400;6,7;11,6;1,9;8x;95x;
Coronado;Solarmax 70;Refractor;70;2,8;400;5,7;11,9;1,7;9x;111x;
Coronado;Solarmax 90;Refractor;90;3,5;800;8,9;12,5;1,3;12x;143x;
Deep Sky Instruments;RC10C;Ritchey-Chretien;254;10;1854;7,3;14,7;0,5;34x;403x;
Drawf Lab;Dwarf 3;Unknown;35;1,4;737;21,1;10,4;3,3;5x;56x;
Explore Scientific;127mm f/7.5 Air-Spaced Triplet ED Apo;Refractor;127;5;952;7,5;13,2;0,9;17x;202x;
Explore Scientific;80mm f/6 Air-Spaced Triplet ED Apo;Refractor;80;3,1;480;6;12,2;1,4;11x;127x;
Explore Scientific;AR102 f/6.5 Air-Spaced Doublet AR Series Achromat;Refractor;102;4;663;6,5;12,7;1,1;14x;162x;
Explore Scientific;AR127 f/6.5 Air-Spaced Doublet AR Series Achromat;Refractor;127;5;825;6,5;13,2;0,9;17x;202x;
Explore Scientific;AR152 f/6.5 Air-Spaced Doublet AR Series Achromat;Refractor;152;6;988;6,5;13,6;0,8;20x;241x;
Explore Scientific;Carbon Fiber ED127 f/7.5 Air-Spaced Triplet Apo;Refractor;127;5;952;7,5;13,2;0,9;17x;202x;
Explore Scientific;David H. Levy Comet Hunter;Mak-Newtonian;152;6;731;4,8;13,6;0,8;20x;241x;
Explore Scientific;ED102 f/7 Air-Spaced Triplet Apo;Refractor;102;4;714;7;12,7;1,1;14x;162x;
GSO;GSD150C;Newtonian;152;6;1200;7,9;13,6;0,8;20x;241x;
GSO;GSD200C;Newtonian;200;7,9;1200;6;14,2;0,6;27x;317x;
GSO;GSD250C;Newtonian;250;9,8;1250;5;14,7;0,5;33x;397x;
GSO;GSD250C;Newtonian;250;9,8;1250;5;14,7;0,5;33x;397x;
GSO;GSD300C;Newtonian;300;11,8;1500;5;15,1;0,4;40x;476x;
GSO;GSD680;Newtonian;200;7,9;1200;6;14,2;0,6;27x;317x;
GSO;GSD880;Newtonian;250;9,8;1250;5;14,7;0,5;33x;397x;
GSO;GSD980;Newtonian;300;11,8;1500;5;15,1;0,4;40x;476x;
Hardin;DSH-10;Newtonian;250;9,8;1250;5;14,7;0,5;33x;397x;
Hardin;DSH-12;Newtonian;300;11,8;1500;5;15,1;0,4;40x;476x;
Hardin;DSH-6;Newtonian;150;5,9;1200;8;13,6;0,8;20x;238x;
Hardin;DSH-8;Newtonian;200;7,9;1200;6;14,2;0,6;27x;317x;
Hardin;SHOC-6;Newtonian;150;5,9;750;5;13,6;0,8;20x;238x;
Hardin;SHOC-8;Newtonian;200;7,9;800;4;14,2;0,6;27x;317x;
Hardin;SHOC-80;Refractor;80;3,1;480;6;12,2;1,4;11x;127x;
Hardin;SHOC-90;Refractor;90;3,5;1000;11,1;12,5;1,3;12x;143x;
Intes Micro;M10F10;Mak-Cassegrain;254;10;2540;10;14,7;0,5;34x;403x;
Intes Micro;M503;Mak-Cassegrain;127;5;1270;10;13,2;0,9;17x;202x;
Intes Micro;M603;Mak-Cassegrain;150;5,9;1500;10;13,6;0,8;20x;238x;
Intes Micro;M606;Mak-Cassegrain;152;6;900;5,9;13,6;0,8;20x;241x;
Intes Micro;M615;Mak-Cassegrain;152;6;2280;15;13,6;0,8;20x;241x;
Intes Micro;M703;Mak-Cassegrain;178;7;1780;10;14,0;0,7;24x;283x;
Intes Micro;M706;Mak-Cassegrain;178;7;1068;6;14,0;0,7;24x;283x;
Intes Micro;M715;Mak-Cassegrain;178;7;2670;15;14,0;0,7;24x;283x;
Intes Micro;M806;Mak-Cassegrain;203;8;1218;6;14,2;0,6;27x;322x;
Intes Micro;M809;Mak-Cassegrain;203;8;2030;10;14,2;0,6;27x;322x;
Intes Micro;M815;Mak-Cassegrain;203;8;3045;15;14,2;0,6;27x;322x;
Intes Micro;MK66;Mak-Cassegrain;150;5,9;1800;12;13,6;0,8;20x;238x;
Intes Micro;MK91;Mak-Cassegrain;228;9;3100;13,6;14,5;0,5;30x;362x;
Intes Micro;MN56;Mak-Newtonian;127;5;762;6;13,2;0,9;17x;202x;
Intes Micro;MN66;Mak-Newtonian;152;6;952;6,3;13,6;0,8;20x;241x;
Intes Micro;MN74;Mak-Newtonian;179;7;711;4;14,0;0,6;24x;284x;
Intes Micro;MN76;Mak-Newtonian;178;7;1050;5,9;14,0;0,7;24x;283x;
Intes Micro;MN86;Mak-Newtonian;200;7,9;1200;6;14,2;0,6;27x;317x;
ISTAR Optical;Asteria AT 127-12 R30;Refractor;127;5;1476;11,6;13,2;0,9;17x;202x;
ISTAR Optical;Asteria WFT 150-5 R30;Refractor;150;5,9;690;4,6;13,6;0,8;20x;238x;
ISTAR Optical;Forfax LTT 140 f12;Refractor;140;5,5;1680;12;13,4;0,8;19x;222x;
ISTAR Optical;Perseus AT 127-8;Refractor;127;5;1010;8;13,2;0,9;17x;202x;
ISTAR Optical;Perseus AT 150-10;Refractor;150;5,9;1500;10;13,6;0,8;20x;238x;
ISTAR Optical;Perseus AT 150-8;Refractor;150;5,9;1200;8;13,6;0,8;20x;238x;
ISTAR Optical;Perseus AT 204-9;Refractor;204;8;1800.1;8,8;14,2;0,6;27x;324x;
ISTAR Optical;Perseus AT 228-8;Refractor;228;9;1800.1;7,9;14,5;0,5;30x;362x;
ISTAR Optical;Phoebe SAA 174-5;Refractor;174;6,9;974.9;5,6;13,9;0,7;23x;276x;
ISTAR Optical;Phoenix WFT 127-5;Refractor;127;5;700;5,5;13,2;0,9;17x;202x;
ISTAR Optical;Phoenix WFT 150-5;Refractor;150;5,9;750;5;13,6;0,8;20x;238x;
Lazzarotti;CF250;Dall-Kirkham;250;9,8;6250;25;14,7;0,5;33x;397x;
Lazzarotti;CF315;Dall-Kirkham;315;12,4;7875;25;15,2;0,4;42x;500x;
Meade;102ED;Refractor;102;4;920;9;12,7;1,1;14x;162x;5
Meade;127ED;Refractor;127;5;1140;9;13,2;0,9;17x;202x;5
Meade;152ED;Refractor;152;6;1370;9;13,6;0,8;20x;241x;5
Meade;178ED;Refractor;178;7;1600;9;14,0;0,7;24x;283x;5
Meade;DS-2070AT;Refractor;70;2,8;700;10;11,9;1,7;9x;111x;
Meade;DS-2114ATS;Newtonian;114;4,5;1000;8,8;13,0;1,0;15x;181x;
Meade;DS-2130ATS;Newtonian;127;5;1000;7,9;13,2;0,9;17x;202x;
Meade;ETX105EC;Mak-Cassegrain;105;4,1;1470;14;12,8;1,1;14x;167x;
Meade;ETX125EC;Mak-Cassegrain;127;5;1900;15;13,2;0,9;17x;202x;
Meade;ETX60AT;Refractor;60;2,4;350;5,8;11,6;1,9;8x;95x;
Meade;ETX70AT;Refractor;70;2,8;350;5;11,9;1,7;9x;111x;
Meade;ETX80;Refractor;80;3,1;400;5;12,2;1,4;11x;127x;
Meade;ETX90EC;Mak-Cassegrain;90;3,5;1250;13,9;12,5;1,3;12x;143x;
Meade;"LightBridge 10""";Newtonian;254;10;1270;5;14,7;0,5;34x;403x;
Meade;"LightBridge 12""";Newtonian;304,8;12;1524;5;15,1;0,4;41x;484x;
Meade;"LightBridge 16""";Newtonian;406,4;16;1828.8;4,5;15,7;0,3;54x;645x;
Meade;LS-6;Schmidt-Cassegrain;152;6;1524;10;13,6;0,8;20x;241x;
Meade;LS-8;Schmidt-Cassegrain;203;8;2000;9,9;14,2;0,6;27x;322x;
Meade;LX10;Schmidt-Cassegrain;203;8;2000;9,9;14,2;0,6;27x;322x;
Meade;"LX200 10""";Schmidt-Cassegrain;254;10;2500;9,8;14,7;0,5;34x;403x;5
Meade;"LX200 12""";Schmidt-Cassegrain;305;12;3048;10;15,1;0,4;41x;484x;5
Meade;"LX200 12"" Schmidt Camera";Schmidt Camera;305;12;680;2,2;15,1;0,4;41x;484x;
Meade;"LX200 16""";Schmidt-Cassegrain;406;16;4064;10;15,7;0,3;54x;644x;5
Meade;"LX200 7"" Mak";Mak-Cassegrain;178;7;2670;15;14,0;0,7;24x;283x;5
Meade;"LX200 8""";Schmidt-Cassegrain;203;8;2000;9,9;14,2;0,6;27x;322x;5
Meade;"LX200GPS 10""";Schmidt-Cassegrain;254;10;2500;9,8;14,7;0,5;34x;403x;5
Meade;"LX200GPS 12""";Schmidt-Cassegrain;305;12;3048;10;15,1;0,4;41x;484x;5
Meade;"LX200GPS 14""";Schmidt-Cassegrain;355;14;3556;10;15,5;0,3;47x;563x;5
Meade;"LX200GPS 16""";Schmidt-Cassegrain;406;16;4064;10;15,7;0,3;54x;644x;5
Meade;"LX200GPS 7""";Mak-Cassegrain;178;7;2670;15;14,0;0,7;24x;283x;5
Meade;"LX200GPS 8""";Schmidt-Cassegrain;203;8;2000;9,9;14,2;0,6;27x;322x;5
Meade;"LX600 10""";Schmidt-Cassegrain;254;10;2032;8;14,7;0,5;34x;403x;
Meade;"LX600 12""";Schmidt-Cassegrain;305;12;2437.9;8;15,1;0,4;41x;484x;
Meade;"LX600 14""";Schmidt-Cassegrain;356;14;2845.2;8;15,5;0,3;47x;565x;
Meade;"LX600 16""";Schmidt-Cassegrain;406,4;16;3251.2;8;15,7;0,3;54x;645x;
Meade;"LX80 10""";Schmidt-Cassegrain;254;10;2540;10;14,7;0,5;34x;403x;
Meade;LX80 115mm ED APO;Refractor;115;4,5;805;7;13,0;1,0;15x;183x;
Meade;"LX80 6""";Schmidt-Cassegrain;152,4;6;1524;10;13,6;0,8;20x;242x;
Meade;"LX80 8""";Schmidt-Cassegrain;203,4;8;2034;10;14,2;0,6;27x;323x;
Meade;LX80 80mm ED APO;Refractor;80;3,1;480;6;12,2;1,4;11x;127x;
Meade;"LX85 8"" ACF";Schmidt-Cassegrain;203,4;8;2034;10;14,2;0,6;27x;323x;
Meade;"LX850 10""";Schmidt-Cassegrain;254;10;2032;8;14,7;0,5;34x;403x;
Meade;"LX850 12""";Schmidt-Cassegrain;305;12;2437.9;8;15,1;0,4;41x;484x;
Meade;LX850 130mm ED APO;Refractor;130;5,1;910;7;13,3;0,9;17x;206x;
Meade;"LX850 14""";Schmidt-Cassegrain;356;14;2845.2;8;15,5;0,3;47x;565x;
Meade;"LX90 10""";Schmidt-Cassegrain;254;10;2500;9,8;14,7;0,5;34x;403x;5
Meade;"LX90 12""";Schmidt-Cassegrain;305;12;3048;10;15,1;0,4;41x;484x;5
Meade;"LX90 8""";Schmidt-Cassegrain;203;8;2000;9,9;14,2;0,6;27x;322x;5
Meade;LXD55 AR-5;Refractor;125;4,9;1125;9;13,2;0,9;17x;198x;5
Meade;LXD55 AR-6;Refractor;150;5,9;1200;8;13,6;0,8;20x;238x;5
Meade;LXD55 SN-10;Schmidt-Newtonian;250;9,8;1000;4;14,7;0,5;33x;397x;
Meade;LXD55 SN-6;Schmidt-Newtonian;150;5,9;750;5;13,6;0,8;20x;238x;
Meade;LXD55 SN-8;Schmidt-Newtonian;200;7,9;800;4;14,2;0,6;27x;317x;
Meade;LXD75 AR-5;Refractor;127;5;1143;9;13,2;0,9;17x;202x;
Meade;LXD75 AR-6;Refractor;152;6;1219;8;13,6;0,8;20x;241x;
Meade;LXD75 N-6;Newtonian;152;6;762;5;13,6;0,8;20x;241x;
Meade;LXD75 SC-8;Schmidt-Cassegrain;203;8;2000;9,9;14,2;0,6;27x;322x;
Meade;LXD75 SN-10;Schmidt-Newtonian;254;10;1016;4;14,7;0,5;34x;403x;
Meade;LXD75 SN-6;Schmidt-Newtonian;152;6;762;5;13,6;0,8;20x;241x;
Meade;LXD75 SN-8;Schmidt-Newtonian;203;8;812;4;14,2;0,6;27x;322x;
Meade;"RCX400 10""";Schmidt-Cassegrain;254;10;2032;8;14,7;0,5;34x;403x;
Meade;"RCX400 12""";Schmidt-Cassegrain;305;12;2438;8;15,1;0,4;41x;484x;
Meade;"RCX400 14""";Schmidt-Cassegrain;356;14;2845;8;15,5;0,3;47x;565x;
Meade;"RCX400 16""";Schmidt-Cassegrain;406;16;3251;8;15,7;0,3;54x;644x;
Meade;"RCX400 20""";Schmidt-Cassegrain;508;20;4064;8;16,2;0,2;68x;806x;
Meade;Series 5000 ED APO;Refractor;80;3,1;480;6;12,2;1,4;11x;127x;
Meade;Series 5000 ED APO;Refractor;127;5;953;7,5;13,2;0,9;17x;202x;
Meade;Series 6000 115mm;Refractor;115;4,5;805;7;13,0;1,0;15x;183x;
Meade;Series 6000 130mm;Refractor;130;5,1;910;7;13,3;0,9;17x;206x;
Meade;Series 6000 80mm;Refractor;80;3,1;480;6;12,2;1,4;11x;127x;
Meade;"StarFinder 12.5""";Newtonian;318;12,5;1525;4,8;15,2;0,4;42x;505x;5
Meade;"StarFinder 16""";Newtonian;406;16;1830;4,5;15,7;0,3;54x;644x;5
Meade;StarNavigator 102mm;Refractor;102;4;800;7,8;12,7;1,1;14x;162x;
Meade;StarNavigator 90mm;Refractor;90;3,5;800;8,9;12,5;1,3;12x;143x;
Obsession;"12.5"" f/5";Newtonian;317,5;12,5;1588;5;15,2;0,4;42x;504x;
Obsession;"15"" f/4.5";Newtonian;381;15;1715;4,5;15,6;0,3;51x;605x;
Obsession;"18"" f/4.5";Newtonian;457;18;2057;4,5;16,0;0,3;61x;725x;
Obsession;"20"" f/4";Newtonian;508;20;2032;4;16,2;0,2;68x;806x;
Obsession;"20"" f/5";Newtonian;508;20;2540;5;16,2;0,2;68x;806x;
Obsession;"25"" f/4";Newtonian;635;25;2540;4;16,7;0,18;85x;1008x;
Obsession;"25"" f/5";Newtonian;635;25;3175;5;16,7;0,18;85x;1008x;
Obsession;"30"" f/4.5";Newtonian;762;30;3429;4,5;17,1;0,15;102x;1210x;
Obsession;"30"" f/5";Newtonian;762;30;3810;5;17,1;0,15;102x;1210x;
Obsession;"36"" f/4.5";Newtonian;914;36;4115;4,5;17,5;0,13;122x;1451x;
Obsession;"36"" f/5";Newtonian;914;36;4572;5;17,5;0,13;122x;1451x;
Obsession;"UC 15""";Newtonian;381;15;1600;4,2;15,6;0,3;51x;605x;
Obsession;"UC 18""";Newtonian;457;18;1905;4,2;16,0;0,3;61x;725x;
Obsession;"UC 22""";Newtonian;559;22;2337;4,2;16,4;0,2;75x;887x;
Officina Stellare;Hiper APO 105;Refractor;105;4,1;650;6,2;12,8;1,1;14x;167x;
Officina Stellare;Hiper APO 115;Refractor;115;4,5;805;7;13,0;1,0;15x;183x;
Officina Stellare;Hiper APO 130;Refractor;130;5,1;780;6;13,3;0,9;17x;206x;
Officina Stellare;Hiper APO 152;Refractor;152;6;1200;7,9;13,6;0,8;20x;241x;
Officina Stellare;Hiper APO 180;Refractor;180;7,1;1260;7;14,0;0,6;24x;286x;
Officina Stellare;Hiper APO 80;Refractor;80;3,1;480;6;12,2;1,4;11x;127x;
Officina Stellare;Pro RC 250;Ritchey-Chretien;250;9,8;2000;8;14,7;0,5;33x;397x;
Officina Stellare;Pro RC 320;Ritchey-Chretien;320;12,6;2560;8;15,2;0,4;43x;508x;
Officina Stellare;Pro RC 360;Ritchey-Chretien;360;14,2;2880;8;15,5;0,3;48x;571x;
Officina Stellare;Pro RC 400;Ritchey-Chretien;400;15,7;3200;8;15,7;0,3;53x;635x;
Officina Stellare;Pro RC 500;Ritchey-Chretien;500;19,7;4000;8;16,2;0,2;67x;794x;
Officina Stellare;Pro RC 600;Ritchey-Chretien;600;23,6;4800;8;16,6;0,19;80x;952x;
Officina Stellare;Supremo 250;Mak-Cassegrain;250;9,8;3125;12,5;14,7;0,5;33x;397x;
Officina Stellare;Ultra CRC 320;Ritchey-Chretien;312;12,3;1680;5,4;15,2;0,4;42x;495x;
Officina Stellare;Veloce RH 200;Ritchey-Chretien;200;7,9;600;3;14,2;0,6;27x;317x;
Officina Stellare;Veloce RH 300;Ritchey-Chretien;300;11,8;900;3;15,1;0,4;40x;476x;
Orion;"10"" f/3.9 Newtonian Astrograph";Newtonian;254;10;1000;3,9;14,7;0,5;34x;403x;
Orion;"10"" f/8 Ritchey-Chretien Astrograph";Ritchey-Chretien;250;9,8;2000;8;14,7;0,5;33x;397x;
Orion;100mm ED Apo Refractor;Refractor;100;3,9;900;9;12,7;1,2;13x;159x;
Orion;102ED;Refractor;102;4;714;7;12,7;1,1;14x;162x;
Orion;180mm Maksutov-Cassegrain;Mak-Cassegrain;180;7,1;2700;15;14,0;0,6;24x;286x;
Orion;"4.5"" Imaging Reflector";Newtonian;113;4,4;450;4;13,0;1,0;15x;179x;
Orion;"6"" f/9 Ritchey-Chretien Astrograph";Ritchey-Chretien;150;5,9;1369.9;9,1;13,6;0,8;20x;238x;
Orion;"6"" Imaging Reflector";Newtonian;150;5,9;750;5;13,6;0,8;20x;238x;
Orion;"8"" f/3.9 Newtonian Astrograph";Newtonian;203;8;800;3,9;14,2;0,6;27x;322x;
Orion;"8"" f/8 Ritchey-Chretien Astrograph";Ritchey-Chretien;200;7,9;1600;8;14,2;0,6;27x;317x;
Orion;80mm ED Apo Refractor;Refractor;80;3,1;600;7,5;12,2;1,4;11x;127x;
Orion;Apex 102mm Compact Mak;Mak-Cassegrain;102;4;1300;12,7;12,7;1,1;14x;162x;
Orion;Apex 127mm Compact Mak;Mak-Cassegrain;127;5;1540;12,1;13,2;0,9;17x;202x;
Orion;Apex 90mm Compact Mak;Mak-Cassegrain;90;3,5;1250;13,9;12,5;1,3;12x;143x;
Orion;"Argonaut 6"" GP-DX Mak-Newt";Mak-Newtonian;150;5,9;900;6;13,6;0,8;20x;238x;
Orion;Astroview 100 EQ Refractor;Refractor;100;3,9;600;6;12,7;1,2;13x;159x;
Orion;Astroview 120 EQ Refractor;Refractor;120;4,7;1000;8,3;13,1;1,0;16x;190x;
Orion;Astroview 120ST EQ Refractor;Refractor;120;4,7;600;5;13,1;1,0;16x;190x;
Orion;Astroview 6 EQ Reflector;Newtonian;150;5,9;750;5;13,6;0,8;20x;238x;
Orion;Astroview 80 EQ Refractor;Refractor;80;3,1;910;11,4;12,2;1,4;11x;127x;
Orion;Astroview 90 EQ Refractor;Refractor;90;3,5;910;10,1;12,5;1,3;12x;143x;
Orion;Atlas 10 EQ;Newtonian;254;10;1200;4,7;14,7;0,5;34x;403x;
Orion;Atlas 10 EQ-G;Newtonian;254;10;1200;4,7;14,7;0,5;34x;403x;
Orion;Atlas 11 XLT SCT;Schmidt-Cassegrain;279;11;2800;10;14,9;0,4;37x;443x;
Orion;ED114SS Refractor;Refractor;114;4,5;604;5,3;13,0;1,0;15x;181x;
Orion;ED80 80mm f/7.5 APO Refractor;Refractor;80;3,1;600;7,5;12,2;1,4;11x;127x;
Orion;ED80T APO Refractor;Refractor;80;3,1;480;6;12,2;1,4;11x;127x;
Orion;EON 110mm ED f/6.0 APO;Refractor;110;4,3;660;6;12,9;1,1;15x;175x;
Orion;EON 130mm ED Triplet APO;Refractor;130;5,1;910;7;13,3;0,9;17x;206x;
Orion;Explorer 80mm Altaz Refractor;Refractor;80;3,1;910;11,4;12,2;1,4;11x;127x;
Orion;Explorer 90mm Altaz Refractor;Refractor;90;3,5;910;10,1;12,5;1,3;12x;143x;
Orion;Express 80mm Rich-Field;Refractor;80;3,1;480;6;12,2;1,4;11x;127x;
Orion;FunScope;Newtonian;76;3;300;3,9;12,1;1,5;10x;121x;
Orion;GoScope 80mm;Refractor;80;3,1;350;4,4;12,2;1,4;11x;127x;
Orion;GoScope 80mm Backpack;Refractor;80;3,1;400;5;12,2;1,4;11x;127x;
Orion;GoScope II 70mm;Refractor;70;2,8;400;5,7;11,9;1,7;9x;111x;
Orion;Observer 60;Refractor;60;2,4;700;11,7;11,6;1,9;8x;95x;
Orion;Observer 70;Refractor;70;2,8;700;10;11,9;1,7;9x;111x;
Orion;Observer 90;Refractor;90;3,5;910;10,1;12,5;1,3;12x;143x;
Orion;Premium 190mm f/5.3 Mak-Newt Astrograph;Mak-Newtonian;190;7,5;1000;5,3;14,1;0,6;25x;302x;
Orion;ShortTube 4.5 EQ;Newtonian;114;4,5;1000;8,8;13,0;1,0;15x;181x;
Orion;ShortTube 80mm EQ Refractor;Refractor;80;3,1;400;5;12,2;1,4;11x;127x;
Orion;ShortTube 90mm EQ Refractor;Refractor;90;3,5;500;5,6;12,5;1,3;12x;143x;
Orion;Sirius 100ED Apo Refractor;Refractor;100;3,9;900;9;12,7;1,2;13x;159x;
Orion;Sirius 8 EQ-G;Newtonian;203;8;1000;4,9;14,2;0,6;27x;322x;
Orion;Sirius ED80 EQ-G;Refractor;80;3,1;600;7,5;12,2;1,4;11x;127x;
Orion;"Sky-Watcher 10"" EQ Reflector";Newtonian;254;10;1200;4,7;14,7;0,5;34x;403x;
Orion;SkyQuest XT10 Dob;Newtonian;254;10;1200;4,7;14,7;0,5;34x;403x;
Orion;SkyQuest XT10g GoTo;Newtonian;254;10;1199.9;4,7;14,7;0,5;34x;403x;
Orion;SkyQuest XT10i IntelliScope;Newtonian;254;10;1199.9;4,7;14,7;0,5;34x;403x;
Orion;SkyQuest XT12g GoTo;Newtonian;305;12;1500;4,9;15,1;0,4;41x;484x;
Orion;SkyQuest XT12i IntelliScope;Newtonian;305;12;1500;4,9;15,1;0,4;41x;484x;
Orion;SkyQuest XT4.5 Dob;Newtonian;114;4,5;910;8;13,0;1,0;15x;181x;
Orion;SkyQuest XT6 Dob;Newtonian;150;5,9;1200;8;13,6;0,8;20x;238x;
Orion;SkyQuest XT6i IntelliScope;Newtonian;150;5,9;1200;8;13,6;0,8;20x;238x;
Orion;SkyQuest XT8 Dob;Newtonian;203;8;1200;5,9;14,2;0,6;27x;322x;
Orion;SkyQuest XT8g GoTo;Newtonian;203;8;1199.9;5,9;14,2;0,6;27x;322x;
Orion;SkyQuest XT8i IntelliScope;Newtonian;203;8;1199.9;5,9;14,2;0,6;27x;322x;
Orion;SkyQuest XX12g GoTo;Newtonian;305;12;1500;4,9;15,1;0,4;41x;484x;
Orion;SkyQuest XX12i IntelliScope;Newtonian;305;12;1500;4,9;15,1;0,4;41x;484x;
Orion;SkyQuest XX14g GoTo;Newtonian;356;14;1650.1;4,6;15,5;0,3;47x;565x;
Orion;SkyQuest XX14i IntelliScope;Newtonian;356;14;1650.1;4,6;15,5;0,3;47x;565x;
Orion;SkyQuest XX16g GoTo;Newtonian;406;16;1799.8;4,4;15,7;0,3;54x;644x;
Orion;SkyScanner 100mm;Newtonian;100;3,9;400;4;12,7;1,2;13x;159x;
Orion;SkyView Deluxe 6 EQ Newt;Newtonian;150;5,9;750;5;13,6;0,8;20x;238x;
Orion;SkyView Deluxe 8 EQ Newt;Newtonian;200;7,9;800;4;14,2;0,6;27x;317x;
Orion;SkyView Pro 100mm ED EQ Apo Refractor;Refractor;100;3,9;900;9;12,7;1,2;13x;159x;
Orion;SkyView Pro 120mm EQ Refractor;Refractor;120;4,7;1000;8,3;13,1;1,0;16x;190x;
Orion;SkyView Pro 127mm Mak-Cass;Mak-Cassegrain;127;5;1540;12,1;13,2;0,9;17x;202x;
Orion;SkyView Pro 150mm Mak-Cass;Mak-Cassegrain;150;5,9;1800;12;13,6;0,8;20x;238x;
Orion;SkyView Pro 180mm Mak-Cass;Mak-Cassegrain;180;7,1;2700;15;14,0;0,6;24x;286x;
Orion;SkyView Pro 3.6 Clear-Aperture;Newtonian;91;3,6;1240;13,6;12,5;1,3;12x;144x;
Orion;SkyView Pro 6 EQ;Newtonian;150;5,9;750;5;13,6;0,8;20x;238x;
Orion;SkyView Pro 6LT EQ;Newtonian;150;5,9;1200;8;13,6;0,8;20x;238x;
Orion;SkyView Pro 8 EQ;Newtonian;203;8;1000;4,9;14,2;0,6;27x;322x;
Orion;SkyView Pro 8 XLT SCT;Schmidt-Cassegrain;203;8;2032;10;14,2;0,6;27x;322x;
Orion;SkyView Pro 80mm ED EQ Apo Refractor;Refractor;80;3,1;600;7,5;12,2;1,4;11x;127x;
Orion;SkyView Pro 9.25 XLT SCT;Schmidt-Cassegrain;235;9,3;2350;10;14,6;0,5;31x;373x;
Orion;SpaceProbe 130 EQ;Newtonian;130;5,1;900;6,9;13,3;0,9;17x;206x;
Orion;SpaceProbe 130ST EQ;Newtonian;130;5,1;650;5;13,3;0,9;17x;206x;
Orion;SpaceProbe 130ST EQ Reflector;Newtonian;130;5,1;650;5;13,3;0,9;17x;206x;
Orion;SpaceProbe 3;Newtonian;76;3;700;9,2;12,1;1,5;10x;121x;
Orion;StarBlast;Newtonian;113;4,4;450;4;13,0;1,0;15x;179x;
Orion;StarBlast 4.5 EQ;Newtonian;114;4,5;450;3,9;13,0;1,0;15x;181x;
Orion;StarBlast 6;Newtonian;150;5,9;750;5;13,6;0,8;20x;238x;
Orion;StarBlast 62mm;Refractor;62;2,4;520;8,4;11,7;1,9;8x;98x;
Orion;StarBlast 6i;Newtonian;150;5,9;750;5;13,6;0,8;20x;238x;
Orion;StarBlast 70mm;Refractor;70;2,8;500;7,1;11,9;1,7;9x;111x;
Orion;StarBlast 80mm;Refractor;80;3,1;350;4,4;12,2;1,4;11x;127x;
Orion;StarBlast 90mm;Refractor;90;3,5;603;6,7;12,5;1,3;12x;143x;
Orion;Starmax 102 EQ Mak;Mak-Cassegrain;102;4;1300;12,7;12,7;1,1;14x;162x;
Orion;Starmax 127 EQ Mak;Mak-Cassegrain;127;5;1540;12,1;13,2;0,9;17x;202x;
Orion;Starmax 90 EQ Mak;Mak-Cassegrain;90;3,5;1250;13,9;12,5;1,3;12x;143x;
Orion;Starseeker 114;Newtonian;114;4,5;450;3,9;13,0;1,0;15x;181x;
Orion;Starseeker 130;Newtonian;130;5,1;650;5;13,3;0,9;17x;206x;
Orion;Starseeker 70;Refractor;70;2,8;700;10;11,9;1,7;9x;111x;
Orion;Starseeker 80;Refractor;80;3,1;400;5;12,2;1,4;11x;127x;
Orion;Starseeker II 102mm;Refractor;102;4;663;6,5;12,7;1,1;14x;162x;
Orion;Starseeker II 130mm;Refractor;130;5,1;650;5;13,3;0,9;17x;206x;
Orion;StarSeeker III 102mm;Mak-Cassegrain;102;4;1300;12,7;12,7;1,1;14x;162x;
Orion;StarSeeker III 114mm;Newtonian;114;4,5;500;4,4;13,0;1,0;15x;181x;
Orion;StarSeeker III 127mm;Mak-Cassegrain;127;5;1540;12,1;13,2;0,9;17x;202x;
Orion;StarSeeker III 90mm;Mak-Cassegrain;90;3,5;1250;13,9;12,5;1,3;12x;143x;
Orion;Starseeker IV 114;Newtonian;114;4,5;500;4,4;13,0;1,0;15x;181x;
Orion;Starseeker IV 127mm Mak-Cass;Mak-Cassegrain;127;5;1540;12,1;13,2;0,9;17x;202x;
Orion;Starseeker IV 130;Newtonian;130;5,1;650;5;13,3;0,9;17x;206x;
Orion;Starseeker IV 150;Newtonian;150;5,9;750;5;13,6;0,8;20x;238x;
Orion;Starseeker IV 150mm Mak-Cass;Mak-Cassegrain;150;5,9;1800;12;13,6;0,8;20x;238x;
Orion;Starseeker IV 80;Refractor;80;3,1;900;11,3;12,2;1,4;11x;127x;
Orion;Transporter 70mm Min-EQ;Refractor;70;2,8;350;5;11,9;1,7;9x;111x;
Orion;VX102-ED Refractor;Refractor;102;4;665;6,5;12,7;1,1;14x;162x;8
Orion;VX102-FL Refractor;Refractor;102;4;920;9;12,7;1,1;14x;162x;8
Orion;VX120-GP Refractor;Refractor;120;4,7;800;6,7;13,1;1,0;16x;190x;6,8
Orion Optics (UK);AG10;Newtonian;250;9,8;950;3,8;14,7;0,5;33x;397x;
Orion Optics (UK);AG12;Newtonian;300;11,8;1140;3,8;15,1;0,4;40x;476x;
Orion Optics (UK);AG14;Newtonian;350;13,8;1330;3,8;15,4;0,3;47x;556x;
Orion Optics (UK);AG16;Newtonian;400;15,7;1520;3,8;15,7;0,3;53x;635x;
Orion Optics (UK);AG8;Newtonian;200;7,9;760;3,8;14,2;0,6;27x;317x;
Orion Optics (UK);CT10;Newtonian;250;9,8;1200;4,8;14,7;0,5;33x;397x;
Orion Optics (UK);CT10L;Newtonian;250;9,8;1575;6,3;14,7;0,5;33x;397x;
Orion Optics (UK);CT12;Newtonian;300;11,8;1200;4;15,1;0,4;40x;476x;
Orion Optics (UK);CT12L;Newtonian;300;11,8;1590;5,3;15,1;0,4;40x;476x;
Orion Optics (UK);CT14;Newtonian;350;13,8;1600;4,6;15,4;0,3;47x;556x;
Orion Optics (UK);CT16;Newtonian;400;15,7;1600;4;15,7;0,3;53x;635x;
Orion Optics (UK);CT8;Newtonian;200;7,9;900;4,5;14,2;0,6;27x;317x;
Orion Optics (UK);ODK10;Dall-Kirkham;250;9,8;1700;6,8;14,7;0,5;33x;397x;
Orion Optics (UK);ODK12;Dall-Kirkham;300;11,8;2040;6,8;15,1;0,4;40x;476x;
Orion Optics (UK);ODK14;Dall-Kirkham;350;13,8;2380;6,8;15,4;0,3;47x;556x;
Orion Optics (UK);ODK16;Dall-Kirkham;400;15,7;2720;6,8;15,7;0,3;53x;635x;
Orion Optics (UK);ODK20;Dall-Kirkham;500;19,7;3400;6,8;16,2;0,2;67x;794x;
Orion Optics (UK);OMC140;Mak-Cassegrain;140;5,5;2000;14,3;13,4;0,8;19x;222x;
Orion Optics (UK);OMC200;Mak-Cassegrain;200;7,9;4000;20;14,2;0,6;27x;317x;
Orion Optics (UK);OMC250;Mak-Cassegrain;200;7,9;2250;11,3;14,2;0,6;27x;317x;
Orion Optics (UK);OMC300;Mak-Cassegrain;300;11,8;2700;9;15,1;0,4;40x;476x;
Orion Optics (UK);VX10;Newtonian;250;9,8;1200;4,8;14,7;0,5;33x;397x;
Orion Optics (UK);VX10L;Newtonian;250;9,8;1600;6,4;14,7;0,5;33x;397x;
Orion Optics (UK);VX12;Newtonian;300;11,8;1200;4;15,1;0,4;40x;476x;
Orion Optics (UK);VX12L;Newtonian;300;11,8;1600;5,3;15,1;0,4;40x;476x;
Orion Optics (UK);VX14;Newtonian;350;13,8;1600;4,6;15,4;0,3;47x;556x;
Orion Optics (UK);VX16;Newtonian;400;15,7;1600;4;15,7;0,3;53x;635x;
Orion Optics (UK);VX20;Newtonian;500;19,7;2000;4;16,2;0,2;67x;794x;
Orion Optics (UK);VX6;Newtonian;150;5,9;750;5;13,6;0,8;20x;238x;
Orion Optics (UK);VX6L;Newtonian;150;5,9;1200;8;13,6;0,8;20x;238x;
Orion Optics (UK);VX8;Newtonian;200;7,9;900;4,5;14,2;0,6;27x;317x;
Orion Optics (UK);VX8L;Newtonian;200;7,9;1200;6;14,2;0,6;27x;317x;
Pentax;100 SDUF II;Refractor;100;3,9;400;4;12,7;1,2;13x;159x;
Pentax;105,00 SDP;Refractor;105;4,1;670;6,4;12,8;1,1;14x;167x;
Pentax;125,00 SDP;Refractor;125;4,9;800;6,4;13,2;0,9;17x;198x;
Pentax;75 SDHF;Refractor;75;3;500;6,7;12,1;1,5;10x;119x;
PlaneWave;CDK12.5;Dall-Kirkham;318;12,5;2541.1;8;15,2;0,4;42x;505x;
PlaneWave;CDK17;Dall-Kirkham;432;17;2938.9;6,8;15,9;0,3;58x;686x;
PlaneWave;CDK20;Dall-Kirkham;508;20;3453.9;6,8;16,2;0,2;68x;806x;
PlaneWave;CDK24;Dall-Kirkham;610;24;4145;6,8;16,6;0,19;81x;968x;
PlaneWave;CDK700;Dall-Kirkham;700;27,6;4638.2;6,6;16,9;0,17;93x;1111x;
PlaneWave;IR DK12.5;Dall-Kirkham;318;12,5;2541.1;8;15,2;0,4;42x;505x;
PlaneWave;IR DK17;Dall-Kirkham;432;17;2938.9;6,8;15,9;0,3;58x;686x;
PlaneWave;IR DK20;Dall-Kirkham;510;20,1;3454.2;6,8;16,2;0,2;68x;810x;
Questar;3.5;Mak-Cassegrain;89;3,5;1300;14,6;12,4;1,3;12x;141x;
Questar;7 Astro;Mak-Cassegrain;178;7;2400;13,5;14,0;0,7;24x;283x;
Questar;7 Classic;Mak-Cassegrain;178;7;2540;14,3;14,0;0,7;24x;283x;
Questar;Duplex;Mak-Cassegrain;89;3,5;1300;14,6;12,4;1,3;12x;141x;
RC Optical Systems;"10"" RC";Ritchey-Chretien;254;10;2286;9;14,7;0,5;34x;403x;
RC Optical Systems;"12.5"" RC";Ritchey-Chretien;318;12,5;2858;9;15,2;0,4;42x;505x;
RC Optical Systems;"14.5"" RC";Ritchey-Chretien;368;14,5;2910;7,9;15,5;0,3;49x;584x;
RC Optical Systems;"16"" RC";Ritchey-Chretien;406;16;3414;8,4;15,7;0,3;54x;644x;
RC Optical Systems;"20"" RC";Ritchey-Chretien;508;20;4115;8,1;16,2;0,2;68x;806x;
RC Optical Systems;"24"" RC";Ritchey-Chretien;610;24;4877;8;16,6;0,19;81x;968x;
RC Optical Systems;"32"" RC";Ritchey-Chretien;813;32;6502;8;17,3;0,14;108x;1290x;
Sky-Watcher;"10"" DOB";Newtonian;254;10;1200;4,7;14,7;0,5;34x;403x;
Sky-Watcher;100ED Pro;Refractor;100;3,9;900;9;12,7;1,2;13x;159x;
Sky-Watcher;120ED Pro;Refractor;120;4,7;900;7,5;13,1;1,0;16x;190x;
Sky-Watcher;150/750;Newtonian;150;5,9;750;5;13,6;0,8;20x;238x;
Sky-Watcher;"6"" DOB";Newtonian;153;6;1200;7,8;13,6;0,8;20x;243x;
Sky-Watcher;"8"" DOB";Newtonian;203;8;1200;5,9;14,2;0,6;27x;322x;
Sky-Watcher;80ED Pro;Refractor;80;3,1;600;7,5;12,2;1,4;11x;127x;
Sky-Watcher;Black Diamond ED100;Refractor;100;3,9;900;9;12,7;1,2;13x;159x;
Sky-Watcher;Black Diamond ED80;Refractor;80;3,1;600;7,5;12,2;1,4;11x;127x;
Sky-Watcher;Black Diamond ED80;Refractor;120;4,7;900;7,5;13,1;1,0;16x;190x;
Sky-Watcher;Equinox 100;Refractor;100;3,9;900;9;12,7;1,2;13x;159x;
Sky-Watcher;Equinox 120;Refractor;120;4,7;900;7,5;13,1;1,0;16x;190x;
Sky-Watcher;Equinox 66;Refractor;66;2,6;400;6,1;11,8;1,8;9x;105x;
Sky-Watcher;Equinox 80;Refractor;80;3,1;500;6,3;12,2;1,4;11x;127x;
Sky-Watcher;Esprit 100mm APO;Refractor;100;3,9;550;5,5;12,7;1,2;13x;159x;
Sky-Watcher;Esprit 120mm APO;Refractor;120;4,7;840;7;13,1;1,0;16x;190x;
Sky-Watcher;Esprit 150mm APO;Refractor;150;5,9;1040;6,9;13,6;0,8;20x;238x;
Sky-Watcher;Esprit 80mm APO;Refractor;80;3,1;400;5;12,2;1,4;11x;127x;
Sky-Watcher;EvoGuide 50 APO;Refractor;50;2;242;4,8;11,2;2,3;7x;79x;
Sky-Watcher;EvoStar 100ED;Refractor;100;3,9;900;9;12,7;1,2;13x;159x;
Sky-Watcher;EvoStar 120ED;Refractor;120;4,7;900;7,5;13,1;1,0;16x;190x;
Sky-Watcher;EvoStar 150 APO;Refractor;150;5,9;1200;8;13,6;0,8;20x;238x;
Sky-Watcher;EvoStar 150DX APO;Refractor;150;5,9;1200;8;13,6;0,8;20x;238x;
Sky-Watcher;EvoStar 72 APO;Refractor;72;2,8;420;5,8;12,0;1,6;10x;114x;
Sky-Watcher;EvoStar 80ED;Refractor;80;3,1;600;7,5;12,2;1,4;11x;127x;
Sky-Watcher;Explorer 150PL;Newtonian;150;5,9;1200;8;13,6;0,8;20x;238x;
Sky-Watcher;Heritage 130;Newtonian;130;5,1;650;5;13,3;0,9;17x;206x;
Sky-Watcher;Mak 80;Mak-Cassegrain;80;3,1;1000;12,5;12,2;1,4;11x;127x;
Sky-Watcher;Mak150 Pro;Mak-Cassegrain;150;5,9;1800;12;13,6;0,8;20x;238x;
Sky-Watcher;Mak180 Pro;Mak-Cassegrain;180;7,1;2700;15;14,0;0,6;24x;286x;
Sky-Watcher;Quattro 250P;Newtonian;254;10;1000;3,9;14,7;0,5;34x;403x;
Sky-Watcher;Quattro 300P;Newtonian;305;12;1200;3,9;15,1;0,4;41x;484x;
Sky-Watcher;SK1021EQ3-2;Refractor;102;4;1000;9,8;12,7;1,1;14x;162x;
Sky-Watcher;SK1025AZ3;Refractor;102;4;500;4,9;12,7;1,1;14x;162x;
Sky-Watcher;SK102MAKEQ2;Mak-Cassegrain;102;4;1300;12,7;12,7;1,1;14x;162x;
Sky-Watcher;SK1149EQ2;Newtonian;114;4,5;900;7,9;13,0;1,0;15x;181x;
Sky-Watcher;SK1201EQ5;Refractor;120;4,7;1000;8,3;13,1;1,0;16x;190x;
Sky-Watcher;SK1206EQ5;Refractor;102;4;500;4,9;12,7;1,1;14x;162x;
Sky-Watcher;SK127MAKEQ3;Mak-Cassegrain;127;5;1500;11,8;13,2;0,9;17x;202x;
Sky-Watcher;SK1309EQ2;Newtonian;130;5,1;900;6,9;13,3;0,9;17x;206x;
Sky-Watcher;SK15012EQ6;Refractor;150;5,9;1200;8;13,6;0,8;20x;238x;
Sky-Watcher;SK15075EQ5;Refractor;150;5,9;750;5;13,6;0,8;20x;238x;
Sky-Watcher;SK15075PEQ3-2;Newtonian;150;5,9;750;5;13,6;0,8;20x;238x;
Sky-Watcher;SK705AZ3;Refractor;70;2,8;500;7,1;11,9;1,7;9x;111x;
Sky-Watcher;SK707AZ2;Refractor;70;2,8;700;10;11,9;1,7;9x;111x;
Sky-Watcher;SK763TAEQ;Newtonian;76;3;300;3,9;12,1;1,5;10x;121x;
Sky-Watcher;SK767AZ1;Newtonian;76;3;700;9,2;12,1;1,5;10x;121x;
Sky-Watcher;SK804AZ3;Refractor;80;3,1;400;5;12,2;1,4;11x;127x;
Sky-Watcher;SK804TAEQ;Refractor;80;3,1;400;5;12,2;1,4;11x;127x;
Sky-Watcher;SK909AZ3;Refractor;90;3,5;900;10;12,5;1,3;12x;143x;
Sky-Watcher;SK90MAKEQ1;Mak-Cassegrain;90;3,5;1250;13,9;12,5;1,3;12x;143x;
Sky-Watcher;SKMAK90TAEQ;Mak-Cassegrain;90;3,5;1250;13,9;12,5;1,3;12x;143x;
Sky-Watcher;SKP1145EQ1;Newtonian;114;4,5;500;4,4;13,0;1,0;15x;181x;
Sky-Watcher;SKP13065EQ2;Newtonian;130;5,1;650;5;13,3;0,9;17x;206x;
Sky-Watcher;SKP2001HEQ5;Newtonian;200;7,9;1000;5;14,2;0,6;27x;317x;
Sky-Watcher;SKP25012EQ6;Newtonian;254;10;1200;4,7;14,7;0,5;34x;403x;
Sky-Watcher;Skymax 102;Mak-Cassegrain;102;4;1300;12,7;12,7;1,1;14x;162x;
Sky-Watcher;Skymax 127;Mak-Cassegrain;127;5;1540;12,1;13,2;0,9;17x;202x;
Sky-Watcher;Skymax 150;Mak-Cassegrain;151;5,9;1800;11,9;13,6;0,8;20x;240x;
Sky-Watcher;Skymax 180;Mak-Cassegrain;182;7,2;2700;14,8;14,0;0,6;24x;289x;
Sky-Watcher;Skymax 90;Mak-Cassegrain;90;3,5;1250;13,9;12,5;1,3;12x;143x;
Sky-Watcher;ST-80;Refractor;80;3,1;400;5;12,2;1,4;11x;127x;
Sky-Watcher;"Stargate 18""";Newtonian;458;18;1900;4,1;16,0;0,3;61x;725x;
Sky-Watcher;"Stargate 20""";Newtonian;508;20;2000;3,94;16,2;0,2;68x;806x;
Sky-Watcher;Starlux 190MN;Mak-Newtonian;203;8;1075.9;5,3;14,2;0,6;27x;322x;
Sky-Watcher;StarTravel 102 AZ3;Refractor;102;4;500;4,9;12,7;1,1;14x;162x;
Sky-Watcher;StarTravel 120 AZ3;Refractor;120;4,7;600;5;13,1;1,0;16x;190x;
Starmaster;"14.5""";Newtonian;368;14,5;1584;4,3;15,5;0,3;49x;584x;
Starmaster;"18""";Newtonian;457;18;1966;4,3;16,0;0,3;61x;725x;
Starmaster;"20""";Newtonian;508;20;2184;4,3;16,2;0,2;68x;806x;
Starmaster;"24""";Newtonian;610;24;2560;4,2;16,6;0,19;81x;968x;
Starmaster;"30""";Newtonian;762;30;3200;4,2;17,1;0,15;102x;1210x;
Starmaster;"ELT 11""";Newtonian;280;11;1271;4,5;14,9;0,4;37x;444x;
Starmaster;"ELT 12.5""";Newtonian;318;12,5;1429;4,5;15,2;0,4;42x;505x;
Stellarvue;102APO;Refractor;102;4;800;7,8;12,7;1,1;14x;162x;
Stellarvue;80/9D;Refractor;80;3,1;750;9,4;12,2;1,4;11x;127x;
Stellarvue;80ED;Unknown;80;3,1;560;7;12,2;1,4;11x;127x;
Stellarvue;AT1010;Refractor;80;3,1;480;6;12,2;1,4;11x;127x;
Stellarvue;Little Rascal;Unknown;50;2;205;4,1;11,2;2,3;7x;79x;
Stellarvue;Nighthawk;Refractor;80;3,1;480;6;12,2;1,4;11x;127x;
Stellarvue;Nighthawk Next Gen;Unknown;80;3,1;560;7;12,2;1,4;11x;127x;
Stellarvue;SV 102ED;Refractor;102;4;710;7;12,7;1,1;14x;162x;
Stellarvue;SV 105;Refractor;105;4,1;735;7;12,8;1,1;14x;167x;
Stellarvue;SV 105T20;Unknown;115;4,5;800;7;13,0;1,0;15x;183x;
Stellarvue;SV 105T35;Unknown;115;4,5;800;7;13,0;1,0;15x;183x;
Stellarvue;SV 105T35;Unknown;115;4,5;800;7;13,0;1,0;15x;183x;
Stellarvue;SV 110ED-BV;Unknown;110;4,3;770;7;12,9;1,1;15x;175x;
Stellarvue;SV 115;Refractor;115;4,5;805;7;13,0;1,0;15x;183x;
Stellarvue;SV 130EDT;Refractor;130;5,1;910;7;13,3;0,9;17x;206x;
Stellarvue;SV 152;Refractor;152;6;1200;7,9;13,6;0,8;20x;241x;
Stellarvue;SV 160R;Refractor;160;6,3;1320;8,3;13,7;0,7;21x;254x;
Stellarvue;SV 4;Refractor;105;4,1;650;6,2;12,8;1,1;14x;167x;
Stellarvue;SV 80L;Refractor;80;3,1;600;7,5;12,2;1,4;11x;127x;
Stellarvue;SV 80S;Refractor;80;3,1;480;6;12,2;1,4;11x;127x;
Stellarvue;SV 90T;Unknown;90;3,5;630;7;12,5;1,3;12x;143x;
Stellarvue;SV 90TBV;Unknown;90;3,5;630;7;12,5;1,3;12x;143x;
Stellarvue;SV 90TF;Unknown;90;3,5;630;7;12,5;1,3;12x;143x;
Stellarvue;SV Raptor 105;Refractor;105;4,1;735;7;12,8;1,1;14x;167x;
Stellarvue;SV Raptor 70ED;Unknown;70;2,8;420;6;11,9;1,7;9x;111x;
Stellarvue;SV Raptor 90T;Unknown;90;3,5;630;7;12,5;1,3;12x;143x;
Takahashi;-250,00 BRC;Ritchey-Chretien;250;9,8;1268;5,1;14,7;0,5;33x;397x;6,3
Takahashi;CCA-250;Cassegrain;250;9,8;1247;5;14,7;0,5;33x;397x;
Takahashi;CN-212 (Cass);Cassegrain;212;8,3;2630;12,4;14,3;0,5;28x;337x;6,3
Takahashi;CN-212 (Newt);Newtonian;212;8,3;820;3,9;14,3;0,5;28x;337x;6,3
Takahashi;E-160;Newtonian;180;7,1;530;2,9;14,0;0,6;24x;286x;6,3
Takahashi;E-180;Newtonian;180;7,1;500;2,8;14,0;0,6;24x;286x;
Takahashi;E-210;Newtonian;210;8,3;628;3;14,3;0,6;28x;333x;6,3
Takahashi;E-250;Newtonian;250;9,8;854;3,4;14,7;0,5;33x;397x;4,2
Takahashi;E-300;Newtonian;300;11,8;1140;3,8;15,1;0,4;40x;476x;4,2
Takahashi;Epsilon 180;Newtonian;180;7,1;500;2,8;14,0;0,6;24x;286x;
Takahashi;Epsilon 250;Newtonian;250;9,8;850;3,4;14,7;0,5;33x;397x;
Takahashi;FCT-200;Refractor;200;7,9;2000;10;14,2;0,6;27x;317x;
Takahashi;FCT-250;Refractor;250;9,8;2500;10;14,7;0,5;33x;397x;
Takahashi;FRC-300;Ritchey-Chretien;300;11,8;2348;7,8;15,1;0,4;40x;476x;
Takahashi;FS-102;Refractor;102;4;820;8;12,7;1,1;14x;162x;6,3
Takahashi;FS-128;Refractor;128;5;1040;8,1;13,2;0,9;17x;203x;6,3
Takahashi;FS-152;Refractor;152;6;1216;8;13,6;0,8;20x;241x;6,3
Takahashi;FS-60C;Refractor;60;2,4;354;5,9;11,6;1,9;8x;95x;
Takahashi;FS-78;Refractor;78;3,1;630;8,1;12,2;1,5;10x;124x;8
Takahashi;FSQ-106;Refractor;106;4,2;530;5;12,8;1,1;14x;168x;
Takahashi;M-210;Dall-Kirkham;210;8,3;2415;11,5;14,3;0,6;28x;333x;
Takahashi;M-250;Dall-Kirkham;250;9,8;3000;12;14,7;0,5;33x;397x;6,3
Takahashi;M-300;Dall-Kirkham;300;11,8;3572;11,9;15,1;0,4;40x;476x;4,2
Takahashi;MT-130;Newtonian;130;5,1;795;6,1;13,3;0,9;17x;206x;8
Takahashi;MT-160;Newtonian;160;6,3;1000;6,3;13,7;0,7;21x;254x;6,3
Takahashi;MT-200;Newtonian;200;7,9;1200;6;14,2;0,6;27x;317x;6,3
Takahashi;Sky 90;Refractor;90;3,5;504;5,6;12,5;1,3;12x;143x;
Takahashi;TOA-130;Refractor;130;5,1;1000;7,7;13,3;0,9;17x;206x;
Takahashi;TOA-150;Refractor;150;5,9;1100;7,3;13,6;0,8;20x;238x;
Takahashi;TSA-102S;Refractor;102;4;816;8;12,7;1,1;14x;162x;
TAL;TAL-1;Newtonian;110;4,3;805;7,3;12,9;1,1;15x;175x;
TAL;TAL-100RS;Refractor;100;3,9;1000;10;12,7;1,2;13x;159x;
TAL;TAL-125R;Refractor;125;4,9;1124;9;13,2;0,9;17x;198x;
TAL;TAL-150K;Mak-Cassegrain;150;5,9;1550;10,3;13,6;0,8;20x;238x;
TAL;TAL-150P;Newtonian;150;5,9;750;5;13,6;0,8;20x;238x;
TAL;TAL-150P8;Newtonian;150;5,9;1200;8;13,6;0,8;20x;238x;
TAL;TAL-2;Newtonian;150;5,9;1200;8;13,6;0,8;20x;238x;
TAL;TAL-200K;Mak-Cassegrain;200;7,9;2000;10;14,2;0,6;27x;317x;
TAL;TAL-250K;Mak-Cassegrain;250;9,8;2130;8,5;14,7;0,5;33x;397x;
Taurus;Taurus T300 12″;Newtonian;302;12;1500;5;14,2;0,4;41x;484x;
Taurus;Taurus T350 14″;Newtonian;353;13,8;1700;4,8;14,5;0,3;47x;556x;
Taurus;Taurus T400 16″;Newtonian;403;15,7;1800;4,5;14,8;0,3;53x;635x;
Taurus;Taurus T500 20″;Newtonian;504;19,7;2150;4,2;15,3;0,2;67x;794x;
TEC;APO 140;Refractor;140;5,5;980;7;13,4;0,8;19x;222x;
TEC;APO 160 Fluorit;Refractor;160;6,3;1280;8;13,7;0,7;21x;254x;
TEC;APO 180 Fluorit;Refractor;180;7,1;1260;7;14,0;0,6;24x;286x;
TEC;APO 200;Refractor;200;7,9;1800;9;14,2;0,6;27x;317x;
TEC;APO 200 Fluorit;Refractor;200;7,9;1800;9;14,2;0,6;27x;317x;
TEC;MC 200/15;Mak-Cassegrain;200;7,9;3150;15,8;14,2;0,6;27x;317x;
TEC;MC 250/12;Mak-Cassegrain;250;9,8;3000;12;14,7;0,5;33x;397x;
TEC;MC 250/20;Mak-Cassegrain;250;9,8;5000;20;14,7;0,5;33x;397x;
Tele Vue;NP 101;Refractor;101;4;540;5,3;12,7;1,1;13x;160x;
Tele Vue;NP 127;Refractor;127;5;660;5,2;13,2;0,9;17x;202x;
Tele Vue;Pronto;Refractor;70;2,8;480;6,9;11,9;1,7;9x;111x;
Tele Vue;Ranger;Refractor;70;2,8;480;6,9;11,9;1,7;9x;111x;
Tele Vue;TV 102;Refractor;102;4;880;8,6;12,7;1,1;14x;162x;
Tele Vue;TV-60;Refractor;60;2,4;361;6;11,6;1,9;8x;95x;
Tele Vue;TV-76;Refractor;76;3;480;6,3;12,1;1,5;10x;121x;
Tele Vue;TV-85;Refractor;85;3,3;600;7,1;12,3;1,4;11x;135x;
Teleskop;INED70;Refractor;70;2,8;420;6;11,9;1,7;9x;111x;
Teleskop;ONTC808;Newtonian;203;8;800;3,9;14,2;0,6;27x;322x;
Teleskop;Starscope767;Newtonian;76;3;700;9,2;12,1;1,5;10x;121x;
Teleskop;TLAPO804;Refractor;80;3,1;480;6;12,2;1,4;11x;127x;
Teleskop;TSAPO100Q;Refractor;100;3,9;580;5,8;12,7;1,2;13x;159x;
Teleskop;TSAPO107C;Refractor;107;4,2;700;6,5;12,8;1,1;14x;170x;
Teleskop;TSAPO71Q;Refractor;71;2,8;347;4,9;12,0;1,6;9x;113x;
Teleskop;UNC1506;Newtonian;150;5,9;600;4;13,6;0,8;20x;238x;
Teleskop;UNC1507;Newtonian;150;5,9;750;5;13,6;0,8;20x;238x;
Teleskop;UNC1507;Newtonian;150;5,9;750;5;13,6;0,8;20x;238x;
Teleskop;UNC1509;Newtonian;150;5,9;900;6;13,6;0,8;20x;238x;
Teleskop;UNC20010;Newtonian;200;7,9;1000;5;14,2;0,6;27x;317x;
Teleskop;UNC20012;Newtonian;200;7,9;1200;6;14,2;0,6;27x;317x;
Teleskop;UNC20012;Newtonian;200;7,9;1200;6;14,2;0,6;27x;317x;
Teleskop;UNC2008;Newtonian;200;7,9;800;4;14,2;0,6;27x;317x;
Teleskop;UNC25410;Newtonian;254;10;1000;3,9;14,7;0,5;34x;403x;
Teleskop;UNC25412;Newtonian;254;10;1250;4,9;14,7;0,5;34x;403x;
Teleskop;UNC2541EQ6;Newtonian;254;10;1000;3,9;14,7;0,5;34x;403x;
Teleskop;UNC30512;Newtonian;305;12;1200;3,9;15,1;0,4;41x;484x;
Teleskop;UNC30515;Newtonian;305;12;1500;4,9;15,1;0,4;41x;484x;
TMB;TMB 100 f/8;Refractor;100;3,9;800;8;12,7;1,2;13x;159x;
TMB;TMB 105 f/6.2;Refractor;105;4,1;650;6,2;12,8;1,1;14x;167x;
TMB;TMB 115 f/7;Refractor;115;4,5;805;7;13,0;1,0;15x;183x;
TMB;TMB 130 f/6;Refractor;130;5,1;780;6;13,3;0,9;17x;206x;
TMB;TMB 130SS;Refractor;130;5,1;910;7;13,3;0,9;17x;206x;
TMB;TMB 152 f/7.9;Refractor;152;6;1200;7,9;13,6;0,8;20x;241x;
TMB;TMB 175 f/8;Refractor;175;6,9;1400;8;13,9;0,7;23x;278x;
TMB;TMB 203 f/9;Refractor;203;8;1800;8,9;14,2;0,6;27x;322x;
TMB;TMB 229 f/9;Refractor;229;9;2025;8,8;14,5;0,5;31x;363x;
TMB;TMB 254 f/9;Refractor;254;10;2286;9;14,7;0,5;34x;403x;
TMB;TMB 304 f/10;Refractor;304;12;3040;10;15,1;0,4;41x;483x;
TMB;TMB 356 f/12;Refractor;356;14;4272;12;15,5;0,3;47x;565x;
TMB;TMB 80 f/6;Refractor;80;3,1;480;6;12,2;1,4;11x;127x;
TMB;TMB 80 f/7.5;Refractor;80;3,1;600;7,5;12,2;1,4;11x;127x;
TMB;TMB 80SS;Refractor;80;3,1;504;6,3;12,2;1,4;11x;127x;
TMB;TMB 92SS;Refractor;92;3,6;506;5,5;12,5;1,3;12x;146x;
TS-Optics;50mm f6.6 APO;Refractor;50;2;330;6,6;11,2;2,3;7x;79x;
TS-Optics;ED 102mm f/7;Refractor;102;4;714;7;12,7;1,1;14x;162x;
TS-Optics;ED 110mm f/7;Refractor;110;4,3;770;7;12,9;1,1;15x;175x;
TS-Optics;ED 70mm f/6 Travel APO;Refractor;70;2,8;420;6;11,9;1,7;9x;111x;
TS-Optics;ED 80mm f/7;Refractor;80;3,1;560;7;12,2;1,4;11x;127x;
TS-Optics;Imaging Star 100mm f/5.8;Refractor;100;3,9;580;5,8;12,7;1,2;13x;159x;
TS-Optics;Imaging Star 102mm f/5.1;Refractor;102;4;520.2;5,1;12,7;1,1;14x;162x;
TS-Optics;Imaging Star 130mm f/5;Refractor;130;5,1;650;5;13,3;0,9;17x;206x;
TS-Optics;Imaging Star 65mm f/6.5;Refractor;65;2,6;422.5;6,5;11,8;1,8;9x;103x;
TS-Optics;Imaging Star 70mm f/6.78;Refractor;70;2,8;474.6;6,8;11,9;1,7;9x;111x;
TS-Optics;Imaging Star 71mm f/4.9;Refractor;71;2,8;347.9;4,9;12,0;1,6;9x;113x;
TS-Optics;Imaging Star 80mm f/4.4;Refractor;80;3,1;352;4,4;12,2;1,4;11x;127x;
TS-Optics;Megastar 150/1400mm;Newtonian;150;5,9;1400;9,3;13,6;0,8;20x;238x;
TS-Optics;Newtonian 114/900mm;Newtonian;114;4,5;900;7,9;13,0;1,0;15x;181x;
TS-Optics;Newtonian 76/700mm;Newtonian;76;3;700;9,2;12,1;1,5;10x;121x;
TS-Optics;Photoline 102mm f/7 APO;Refractor;102;4;714;7;12,7;1,1;14x;162x;
TS-Optics;Photoline 107mm f/6.5 APO;Refractor;107;4,2;695.5;6,5;12,8;1,1;14x;170x;
TS-Optics;Photoline 115mm f/6.96 APO;Refractor;115;4,5;800.4;7;13,0;1,0;15x;183x;
TS-Optics;Photoline 130mm f/6.62 APO;Refractor;130;5,1;860.6;6,6;13,3;0,9;17x;206x;
TS-Optics;Photoline 130mm f/7 APO;Refractor;130;5,1;910;7;13,3;0,9;17x;206x;
TS-Optics;Photoline 150mm f/6.6 APO;Refractor;150;5,9;990;6,6;13,6;0,8;20x;238x;
TS-Optics;Photoline 60mm f/5.5 APO;Refractor;60;2,4;330;5,5;11,6;1,9;8x;95x;
TS-Optics;Photoline 70mm f/6 APO;Refractor;70;2,8;420;6;11,9;1,7;9x;111x;
TS-Optics;Photoline 72mm f/5.5 APO;Refractor;72;2,8;396;5,5;12,0;1,6;10x;114x;
TS-Optics;Photoline 80mm f/6 APO;Refractor;80;3,1;480;6;12,2;1,4;11x;127x;
TS-Optics;Photoline 80mm f/6.25 APO;Refractor;80;3,1;500;6,3;12,2;1,4;11x;127x;
TS-Optics;Photoline 80mm f/7 APO;Refractor;80;3,1;560;7;12,2;1,4;11x;127x;
TS-Optics;Photoline 90mm f/6.6 APO;Refractor;90;3,5;594;6,6;12,5;1,3;12x;143x;
TS-Optics;Starscope 130/650mm;Newtonian;130;5,1;650;5;13,3;0,9;17x;206x;
TS-Optics;Starscope 60/900mm;Refractor;60;2,4;900;15;11,6;1,9;8x;95x;
TS-Optics;Starscope 70/700mm;Refractor;70;2,8;700;10;11,9;1,7;9x;111x;
TS-Optics;Starscope 70/900mm;Refractor;70;2,8;900;12,9;11,9;1,7;9x;111x;
TS-Optics;Starscope 80/900mm;Refractor;80;3,1;900;11,3;12,2;1,4;11x;127x;
Unistellar;Equinox 2;Newtonian;113;4,4;450;4;13,0;1,0;15x;179x;
Unistellar;EVScope 2;Newtonian;113;4,4;450;4;13,0;1,0;15x;179x;
Unistellar;Odyssey;Newtonian;85;3,3;85;1;12,3;1,4;11x;135x;
Unistellar;Odyssey Pro;Newtonian;85;3,3;320;3,8;12,3;1,4;11x;135x;
Vaonis;Vespera;Refractor;50;2;200;4;11,2;2,3;7x;79x;
Vaonis;Vespera;Refractor;50;2;200;4;11,2;2,3;7x;79x;
Vaonis;Vespera II;Refractor;50;2;250;5;11,2;2,3;7x;79x;
Vaonis;Vespera II;Refractor;50;2;250;5;11,2;2,3;7x;79x;
Vaonis;Vespera Pro;Refractor;50;2;250;5;11,2;2,3;7x;79x;
Vaonis;Vespera Pro;Refractor;50;2;250;5;11,2;2,3;7x;79x;
Vernonscope;Brandon 94mm;Refractor;94;3,7;640;6,8;12,6;1,2;13x;149x;
Vixen;102M;Refractor;102;4;1000;9,8;12,7;1,1;14x;162x;
Vixen;80M;Refractor;80;3,1;910;11,4;12,2;1,4;11x;127x;
Vixen;DED108SS;Refractor;108;4,3;540;5;12,9;1,1;14x;171x;
Vixen;ED102S;Refractor;102;4;920;9;12,7;1,1;14x;162x;
Vixen;ED102SS;Refractor;102;4;660;6,5;12,7;1,1;14x;162x;
Vixen;ED114SS;Refractor;114;4,5;600;5,3;13,0;1,0;15x;181x;
Vixen;ED130SS;Refractor;130;5,1;860;6,6;13,3;0,9;17x;206x;
Vixen;ED80S;Refractor;80;3,1;720;9;12,2;1,4;11x;127x;
Vixen;ED80SF;Refractor;80;3,1;600;7,5;12,2;1,4;11x;127x;
Vixen;FL102S;Refractor;102;4;920;9;12,7;1,1;14x;162x;
Vixen;FL80S;Refractor;80;3,1;640;8;12,2;1,4;11x;127x;
Vixen;NA120S;Refractor;120;4,7;800;6,7;13,1;1,0;16x;190x;
Vixen;NA130SS;Refractor;130;5,1;800;6,2;13,3;0,9;17x;206x;
Vixen;R114M;Newtonian;114;4,5;900;7,9;13,0;1,0;15x;181x;
Vixen;R130S;Newtonian;130;5,1;720;5,5;13,3;0,9;17x;206x;
Vixen;R150S;Newtonian;150;5,9;750;5;13,6;0,8;20x;238x;
Vixen;R200SS;Newtonian;200;7,9;800;4;14,2;0,6;27x;317x;
Vixen;Skypod;Refractor;110;4,3;1035;9,4;12,9;1,1;15x;175x;
Vixen;VC200L;Cassegrain;200;7,9;1800;9;14,2;0,6;27x;317x;
Vixen;VMC200L;Schmidt-Cassegrain;200;7,9;1950;9,8;14,2;0,6;27x;317x;
William Optics;FLT 110;Refractor;110;4,3;770;7;12,9;1,1;15x;175x;
William Optics;FLT 110 DDG;Refractor;110;4,3;770;7;12,9;1,1;15x;175x;
William Optics;FLT 132;Refractor;132;5,2;925;7;13,3;0,9;18x;210x;
William Optics;FLT 151;Refractor;151;5,9;998;6,6;13,6;0,8;20x;240x;
William Optics;FLT 152;Refractor;152;6;1200;7,9;13,6;0,8;20x;241x;
William Optics;FLT 158;Refractor;158;6,2;1121;7,1;13,7;0,7;21x;251x;
William Optics;FLT 98;Refractor;98;3,9;618;6,3;12,7;1,2;13x;156x;
William Optics;FLT 98 DDG;Refractor;98;3,9;618;6,3;12,7;1,2;13x;156x;
William Optics;Gran Turismo 102 FD;Refractor;102;4;704;6,9;12,7;1,1;14x;162x;
William Optics;Gran Turismo 153 FD;Refractor;153;6;1193;7,8;13,6;0,8;20x;243x;
William Optics;Gran Turismo 71 FD;Refractor;71;2,8;420;5,9;12,0;1,6;9x;113x;
William Optics;Gran Turismo 81 FD;Refractor;81;3,2;478;5,9;12,2;1,4;11x;129x;
William Optics;GTF 102;Refractor;102;4;703;6,9;12,7;1,1;14x;162x;
William Optics;GTF 81;Refractor;81;3,2;478;5,9;12,2;1,4;11x;129x;
William Optics;Megrez 110;Refractor;110;4,3;655;6;12,9;1,1;15x;175x;
William Optics;Megrez 66;Refractor;66;2,6;416;6,3;11,8;1,8;9x;105x;
William Optics;Megrez 66 APO;Refractor;66;2,6;462;7;11,8;1,8;9x;105x;
William Optics;Megrez 72;Refractor;72;2,8;432;6;12,0;1,6;10x;114x;
William Optics;Megrez 80;Refractor;80;3,1;480;6;12,2;1,4;11x;127x;
William Optics;Megrez 80 II ED;Refractor;80;3,1;560;7;12,2;1,4;11x;127x;
William Optics;Megrez 80 II SD;Refractor;80;3,1;500;6,3;12,2;1,4;11x;127x;
William Optics;Megrez 80/600;Refractor;80;3,1;600;7,5;12,2;1,4;11x;127x;
William Optics;Megrez 88;Refractor;88;3,5;498;5,7;12,4;1,3;12x;140x;
William Optics;Megrez 90;Refractor;90;3,5;621;6,9;12,5;1,3;12x;143x;
William Optics;Phoenix 80s;Refractor;80;3,1;480;6;12,2;1,4;11x;127x;
William Optics;RedCat 51;Refractor;51;2;250;4,9;11,2;2,3;7x;81x;
William Optics;ZenithStar 103 APO;Refractor;103;4,1;710;6,9;12,8;1,1;14x;163x;
William Optics;ZenithStar 103 APO;Refractor;103;4,1;710;6,9;12,8;1,1;14x;163x;
William Optics;ZenithStar 110;Refractor;110;4,3;770;7;12,9;1,1;15x;175x;
William Optics;ZenithStar 61 APO;Refractor;61;2,4;360;5,9;11,6;1,9;8x;97x;
William Optics;ZenithStar 66;Refractor;66;2,6;410;6,2;11,8;1,8;9x;105x;
William Optics;ZenithStar 66 Petzval ED;Refractor;66;2,6;400;6,1;11,8;1,8;9x;105x;
William Optics;ZenithStar 66 SD;Refractor;66;2,6;388;5,9;11,8;1,8;9x;105x;
William Optics;ZenithStar 70;Refractor;70;2,8;430;6,1;11,9;1,7;9x;111x;
William Optics;ZenithStar 71 ED;Refractor;71;2,8;418;5,9;12,0;1,6;9x;113x;
William Optics;ZenithStar 73 APO;Refractor;73;2,9;430;5,9;12,0;1,6;10x;116x;
William Optics;ZenithStar 80;Refractor;80;3,1;480;6;12,2;1,4;11x;127x;
William Optics;ZenithStar 80 FD;Refractor;80;3,1;555;6,9;12,2;1,4;11x;127x;
William Optics;ZenithStar 80 II ED;Refractor;80;3,1;545;6,8;12,2;1,4;11x;127x;
Zhumell;Aurora 70;Refractor;70;2,8;900;12,9;11,9;1,7;9x;111x;
Zhumell;Eclipse 114;Newtonian;114;4,5;1000;8,8;13,0;1,0;15x;181x;
Zhumell;Z10;Newtonian;254;10;1249.9;4,9;14,7;0,5;34x;403x;
Zhumell;Z12;Newtonian;304;12;1499.9;4,9;15,1;0,4;41x;483x;
Zhumell;Z8;Newtonian;203;8;1199.9;5,9;14,2;0,6;27x;322x;
Zhumell;Zenith 60x600;Refractor;60;2,4;600;10;11,6;1,9;8x;95x;
Zhumell;Zenith 60x600;Refractor;60;2,4;600;10;11,6;1,9;8x;95x;
ZWO;FF107 - APO;Refractor;107;4,2;749;7;12,8;1,1;14x;170x;
ZWO;FF130 - APO;Refractor;130;5,1;1000;7,7;13,3;0,9;17x;206x;
ZWO;FF65 - APO;Refractor;65;2,6;416;6,4;11,8;1,8;9x;103x;
ZWO;FF80 - APO;Refractor;80;3,1;600;7,5;12,2;1,4;11x;127x;
ZWO;Seestar S30;Refractor;30;1,2;150;5;10,1;3,9;4x;48x;
ZWO;Seestar S50;Refractor;50;2;250;5;11,2;2,3;7x;79x;